id,product,component,quantity_required,unit,created_at
1,Business,Cold,49,pcs,2021-11-03T11:55:43
2,Produce,Parent,4,pcs,2023-06-02T23:13:32
3,Whether,Everybody,19,kg,2023-11-15T09:31:59
4,Class,Four,40,m,2023-12-17T16:35:39
5,May,It,25,pcs,2025-08-22T10:16:51
6,Player,Without,13,pcs,2023-10-22T07:28:39
7,Station,Management,49,kg,2024-05-11T17:43:26
8,Understand,Two,39,kg,2023-03-12T20:33:07
9,Traditional,Tree,44,pcs,2022-04-03T05:48:02
10,Fish,Together,38,m,2021-09-03T11:37:51
11,Fund,Whose,33,litre,2021-11-05T13:03:27
12,Life,Several,42,kg,2023-03-29T00:25:23
13,Girl,Vote,2,kg,2021-06-17T10:30:08
14,Scientist,Against,2,litre,2023-10-14T20:54:00
15,Fight,Decision,23,kg,2021-06-01T06:51:20
16,Learn,System,4,pcs,2025-02-06T14:19:30
17,Window,Six,45,kg,2023-07-08T20:35:32
18,Off,Everything,21,m,2023-06-04T23:04:06
19,Social,Form,26,kg,2025-01-03T15:28:37
20,Authority,Part,6,litre,2023-12-09T11:35:17
21,Trouble,None,1,litre,2021-07-03T09:29:34
22,Language,Least,46,kg,2022-06-30T14:42:24
23,Professional,Cold,15,pcs,2025-05-30T16:26:25
24,Character,Scene,18,kg,2025-10-06T06:05:11
25,Read,Example,34,litre,2024-06-13T17:56:46
26,Prepare,Responsibility,19,m,2021-12-21T17:39:10
27,Man,Series,15,litre,2023-09-11T16:32:14
28,Statement,Range,16,pcs,2025-09-07T18:16:00
29,Stop,Carry,23,kg,2021-03-05T13:20:11
30,House,Do,23,litre,2021-04-29T09:35:59
31,Relate,Population,9,litre,2023-10-24T20:25:48
32,Night,Bag,27,kg,2023-01-07T10:36:23
33,Local,Democratic,1,pcs,2022-01-05T23:06:01
34,Hear,Pull,48,litre,2020-11-27T11:18:36
35,Race,Expert,25,kg,2025-09-27T01:02:51
36,Language,Line,50,kg,2020-12-09T17:26:03
37,Sign,Walk,21,kg,2025-01-19T17:36:16
38,Collection,Apply,30,kg,2022-10-06T18:49:26
39,Yes,Poor,39,litre,2024-04-27T10:30:35
40,Series,Himself,25,litre,2024-06-28T01:33:45
41,Project,Again,50,m,2023-01-04T15:51:09
42,Grow,Item,36,pcs,2025-01-15T18:20:54
43,Treatment,Surface,15,pcs,2022-09-18T16:04:17
44,Mean,Thank,18,kg,2024-03-15T16:39:00
45,Until,Scientist,1,kg,2021-12-03T18:41:29
46,Remember,Beat,32,m,2025-09-06T21:14:27
47,Ahead,Support,50,litre,2024-01-16T09:12:44
48,Pretty,Large,40,m,2020-11-15T11:24:52
49,Single,But,5,m,2021-12-18T23:32:09
50,Blood,Sport,16,pcs,2025-03-27T21:55:37
51,Third,Easy,20,pcs,2024-07-03T02:58:12
52,Could,Employee,7,kg,2021-12-01T08:09:09
53,Weight,Technology,38,litre,2025-03-19T00:47:58
54,Magazine,Something,45,m,2022-11-18T21:54:47
55,Man,Expert,11,m,2023-09-04T16:17:33
56,Somebody,Money,16,kg,2023-07-05T00:47:10
57,Sort,Senior,47,litre,2024-07-05T10:37:00
58,Step,Act,7,m,2023-01-07T23:19:00
59,Half,Reflect,49,kg,2021-07-16T23:52:55
60,In,Beat,35,m,2022-07-04T14:10:58
61,Scientist,Difficult,1,m,2023-05-08T06:45:32
62,Party,Fire,27,kg,2023-05-29T16:02:30
63,Religious,Easy,33,pcs,2021-05-27T20:32:41
64,Describe,Free,12,m,2021-12-28T07:56:24
65,Camera,Camera,10,pcs,2025-02-14T03:23:39
66,Draw,Matter,10,pcs,2024-09-10T18:51:35
67,Value,Risk,4,m,2021-08-31T02:33:17
68,Else,Least,42,pcs,2024-09-17T19:36:26
69,Special,International,26,m,2021-01-17T00:11:11
70,Camera,Manager,36,m,2024-04-17T13:02:20
71,Coach,Amount,46,pcs,2024-12-25T19:26:02
72,Against,Next,24,m,2024-02-12T10:21:16
73,Most,Likely,37,litre,2022-12-30T01:49:51
74,Risk,Television,17,litre,2021-11-04T05:28:11
75,Because,Color,3,kg,2023-07-15T06:49:16
76,Model,Might,9,pcs,2021-04-16T13:08:12
77,Radio,Lay,34,litre,2022-05-12T02:41:08
78,Run,Tree,1,kg,2021-03-26T04:59:06
79,Least,Travel,40,m,2020-11-07T12:29:43
80,Move,Five,47,pcs,2025-09-04T09:12:14
81,Us,Heavy,47,m,2021-09-12T21:40:21
82,Language,Admit,11,kg,2023-01-14T14:10:08
83,Song,Near,43,m,2024-12-29T06:12:00
84,Recent,Begin,40,m,2021-06-25T11:34:21
85,Teacher,Life,1,kg,2021-03-25T09:50:50
86,Address,Same,47,pcs,2021-11-13T12:23:30
87,Pass,Unit,27,pcs,2023-02-26T21:50:27
88,Foreign,Good,28,pcs,2022-10-12T22:31:32
89,Six,Gas,15,m,2022-08-22T04:04:06
90,Mr,Fall,41,litre,2024-03-15T06:24:46
91,Whole,Discussion,14,litre,2025-06-12T22:24:19
92,Friend,Shoulder,10,kg,2021-10-27T22:04:26
93,Every,Want,18,m,2022-12-16T08:17:39
94,Role,Its,28,kg,2022-05-11T03:41:38
95,Throw,Science,28,m,2021-03-20T09:21:53
96,Yourself,Mother,24,litre,2023-07-21T04:23:16
97,Surface,Effect,8,m,2021-06-12T15:37:43
98,Interest,Agreement,43,litre,2021-09-15T02:45:27
99,Care,Serious,43,litre,2021-09-15T22:46:37
100,Go,Mother,9,kg,2023-11-21T10:46:03
101,Though,Receive,22,m,2025-07-30T00:33:17
102,Your,Situation,6,litre,2021-04-30T14:00:21
103,Senior,Management,9,litre,2021-12-12T13:39:43
104,Blue,State,18,m,2021-10-16T16:51:22
105,West,Wonder,30,kg,2023-09-21T00:21:39
106,Improve,Often,30,pcs,2021-12-01T10:07:00
107,Subject,Force,23,m,2024-02-01T21:03:54
108,Machine,Point,18,litre,2024-05-08T03:40:13
109,Watch,Major,7,litre,2024-05-06T04:36:35
110,Water,My,15,m,2021-11-22T23:37:08
111,Study,Control,15,litre,2022-09-13T09:31:12
112,Pressure,Hour,4,litre,2025-08-27T13:12:37
113,Their,Wall,46,m,2025-09-06T16:19:27
114,Health,Choose,19,litre,2021-09-15T13:17:52
115,Special,Local,47,pcs,2025-08-20T12:58:17
116,Side,Voice,28,litre,2024-03-11T15:59:24
117,This,Section,20,pcs,2025-08-12T09:34:21
118,Often,Once,39,pcs,2025-03-30T01:02:57
119,Religious,Face,44,kg,2023-06-20T16:16:50
120,Prevent,Safe,25,pcs,2024-02-23T03:18:22
121,Almost,Strong,10,litre,2025-06-11T18:10:10
122,Position,Factor,41,pcs,2024-08-10T14:53:06
123,Change,Again,2,litre,2024-09-01T10:42:12
124,Manager,Worker,49,pcs,2022-01-06T05:42:54
125,Financial,Appear,7,pcs,2020-12-08T06:07:18
126,Others,Laugh,28,m,2023-03-16T20:30:07
127,Born,Institution,33,pcs,2022-08-12T15:02:38
128,Store,Other,49,kg,2024-05-01T07:02:32
129,Past,Very,50,kg,2025-05-19T15:03:10
130,Also,All,10,m,2023-06-02T02:37:36
131,Window,However,44,litre,2023-05-25T18:09:47
132,Physical,Trade,37,pcs,2024-02-01T08:14:25
133,Range,Interesting,4,pcs,2021-05-06T18:28:48
134,Smile,Chair,19,m,2021-12-23T18:45:55
135,Analysis,Choose,35,m,2025-05-13T15:24:25
136,Born,Later,25,m,2025-03-07T06:30:53
137,Suggest,Team,17,pcs,2021-05-18T12:09:00
138,Scientist,Allow,45,pcs,2021-09-19T22:27:53
139,Lot,Challenge,12,m,2023-11-30T03:19:50
140,Ever,Morning,46,kg,2024-09-13T20:27:16
141,Year,Risk,10,litre,2023-04-21T12:32:12
142,Seven,When,4,litre,2025-07-21T07:44:41
143,Give,Offer,50,pcs,2024-06-21T05:10:07
144,Worry,Clearly,16,kg,2024-06-19T12:21:40
145,Very,Measure,47,pcs,2025-09-05T09:42:02
146,History,Check,31,kg,2024-03-16T17:21:43
147,Knowledge,Middle,48,m,2022-03-04T07:31:13
148,Tv,Go,10,pcs,2022-03-22T00:02:22
149,Board,Job,36,litre,2025-08-17T18:04:50
150,Scene,Ability,28,litre,2024-03-13T14:31:04
151,Moment,You,34,kg,2023-09-16T21:45:36
152,Night,Fine,14,litre,2025-08-31T09:31:34
153,Process,Speak,31,m,2025-09-05T01:27:19
154,Role,Somebody,28,litre,2021-02-08T17:12:03
155,Two,Save,27,m,2020-12-19T17:52:36
156,Bar,Question,38,m,2021-04-23T13:41:16
157,Good,First,44,litre,2020-11-05T01:03:30
158,Position,There,15,litre,2022-04-23T00:23:14
159,Various,Teacher,36,litre,2023-03-09T00:49:10
160,Rise,Ago,42,m,2024-06-07T15:54:04
161,Poor,Either,22,litre,2025-07-30T19:29:00
162,Ever,Degree,8,pcs,2023-10-22T22:56:14
163,Eat,Avoid,50,litre,2024-02-18T14:21:30
164,During,Use,45,kg,2023-06-22T22:18:09
165,Not,Protect,19,pcs,2022-10-30T13:46:07
166,Cold,Same,34,litre,2024-03-06T21:00:50
167,Sort,Me,2,litre,2021-08-26T13:54:14
168,Smile,Speak,13,kg,2022-02-23T19:14:08
169,Sister,Interest,31,litre,2025-08-04T10:41:16
170,Since,Per,17,litre,2024-11-01T11:29:05
171,What,Find,10,litre,2022-08-13T04:22:23
172,Person,Agent,50,litre,2025-05-01T08:05:33
173,Five,Avoid,47,kg,2024-04-13T14:40:07
174,Child,Require,11,litre,2021-10-26T01:23:16
175,Often,Reality,48,pcs,2021-09-21T09:48:26
176,Black,Many,15,litre,2021-12-02T01:59:26
177,Simple,Billion,5,m,2022-02-11T22:29:48
178,Because,Modern,43,kg,2021-10-11T09:46:54
179,Deal,Service,26,m,2024-09-28T16:38:03
180,Section,Pull,4,litre,2023-08-21T21:50:27
181,End,Process,45,litre,2025-05-06T01:28:30
182,Follow,Do,9,pcs,2021-03-09T13:28:54
183,Pm,Space,45,kg,2021-12-01T19:25:04
184,Head,Pattern,44,kg,2022-02-02T15:06:33
185,Team,Right,46,pcs,2023-09-11T06:12:59
186,Feeling,Summer,31,m,2025-03-12T19:08:06
187,Painting,Expect,41,m,2022-07-03T04:33:41
188,Top,Politics,46,litre,2025-04-07T20:57:13
189,Increase,Force,12,m,2021-05-20T08:17:02
190,House,School,6,kg,2025-05-24T13:53:25
191,Nearly,Treat,50,kg,2023-09-05T11:06:00
192,Full,Fact,18,m,2024-06-28T06:04:56
193,Take,Billion,39,pcs,2024-08-21T19:58:55
194,Quickly,Hundred,47,kg,2022-10-24T01:35:47
195,Sure,Day,16,pcs,2021-07-12T11:52:47
196,Here,Fund,19,pcs,2024-08-21T21:48:57
197,Building,Pay,18,kg,2021-01-07T16:55:37
198,Perhaps,Trip,6,m,2020-12-03T18:35:01
199,Manage,Sea,34,kg,2025-10-15T11:42:59
200,Third,Community,22,m,2021-02-22T16:42:41
201,On,Beautiful,50,m,2021-12-11T13:26:30
202,Night,It,48,pcs,2025-01-19T19:28:09
203,Nothing,Report,17,kg,2021-05-02T06:23:43
204,Pressure,Station,20,kg,2022-09-13T14:38:01
205,Glass,Magazine,35,kg,2025-10-02T21:16:01
206,Bank,Rather,23,pcs,2023-07-27T07:19:49
207,Animal,Life,4,litre,2024-07-20T06:38:15
208,Skin,Father,44,kg,2023-08-06T20:24:57
209,Water,Be,3,m,2025-07-05T16:56:14
210,Program,Fact,5,pcs,2025-09-16T06:20:38
211,Table,Poor,13,m,2025-05-24T17:53:05
212,Room,Chair,45,pcs,2021-10-16T15:51:41
213,However,Consumer,24,m,2025-10-17T22:37:52
214,Series,Ahead,49,kg,2025-07-04T03:08:04
215,Available,Million,46,kg,2021-04-20T15:56:04
216,Hundred,Push,19,m,2025-02-22T16:51:33
217,Kid,Really,10,kg,2025-05-05T13:41:53
218,Imagine,Enough,23,kg,2025-05-16T09:05:49
219,Continue,Citizen,29,pcs,2025-08-05T09:50:05
220,Listen,Whom,27,pcs,2025-06-27T11:47:12
221,Policy,What,29,litre,2023-03-27T04:22:05
222,Respond,Reason,42,pcs,2022-07-17T11:42:31
223,Change,Affect,18,litre,2025-05-23T20:09:37
224,Painting,Series,26,m,2021-08-09T08:34:11
225,Nice,Fine,10,kg,2025-04-19T20:43:58
226,Miss,Born,26,pcs,2024-10-28T00:08:23
227,Guy,Continue,32,pcs,2021-06-11T15:00:24
228,Necessary,Industry,16,kg,2024-11-27T18:19:23
229,Thousand,Along,20,kg,2023-04-20T09:00:13
230,More,Trip,12,kg,2022-10-16T19:51:51
231,Such,State,19,pcs,2021-02-16T21:43:08
232,Course,Remember,30,litre,2024-10-20T18:50:17
233,Assume,Benefit,38,kg,2025-07-12T16:52:16
234,Fear,Her,49,pcs,2021-02-03T17:05:55
235,Rise,Including,44,pcs,2023-07-05T12:16:42
236,Management,Full,30,pcs,2024-01-08T17:13:27
237,Discussion,Find,3,m,2021-09-10T03:11:59
238,Sound,Or,11,m,2023-05-25T04:50:41
239,Concern,Begin,21,litre,2021-04-23T17:52:58
240,Company,Form,1,pcs,2024-02-27T18:35:50
241,Building,Enter,7,kg,2025-01-02T16:06:39
242,Economic,Question,49,litre,2023-06-24T07:01:24
243,Realize,Local,8,litre,2021-09-26T13:53:18
244,Nice,Set,11,pcs,2022-02-01T14:25:16
245,Tax,Daughter,37,m,2025-02-09T08:14:51
246,Lose,Certain,2,kg,2022-08-16T11:23:08
247,Medical,Back,29,pcs,2023-04-21T00:00:53
248,Company,Dark,42,m,2025-01-09T12:58:05
249,Tv,Property,13,pcs,2021-05-03T19:31:46
250,Five,Whom,23,kg,2025-01-31T00:12:01
251,Writer,Student,8,pcs,2020-12-04T05:45:07
252,Friend,Teacher,49,litre,2025-01-30T19:21:45
253,Military,Me,8,litre,2024-06-25T17:05:44
254,Yet,Job,34,litre,2025-07-21T23:26:54
255,Too,Record,47,kg,2023-08-06T08:57:09
256,May,Free,23,litre,2025-11-02T13:14:06
257,Series,Option,45,pcs,2022-06-26T10:20:02
258,Specific,Save,24,litre,2021-06-26T22:24:17
259,Think,Bar,16,litre,2022-08-19T02:24:36
260,Sense,Skill,36,litre,2023-07-28T11:24:17
261,No,Start,18,litre,2025-05-23T13:02:55
262,Expect,Conference,41,m,2023-03-15T13:47:03
263,Feeling,Civil,42,pcs,2021-04-27T05:33:00
264,Popular,Necessary,19,m,2025-04-15T20:44:32
265,Provide,Church,25,litre,2024-01-17T20:45:50
266,Its,Fund,1,litre,2021-07-18T19:56:28
267,Reflect,School,11,m,2025-07-02T11:46:15
268,Team,Time,15,litre,2022-03-23T23:58:28
269,Officer,Care,49,litre,2024-04-08T03:39:31
270,School,Son,20,kg,2025-01-17T10:47:05
271,Time,Possible,36,pcs,2022-05-07T19:38:09
272,Throughout,None,34,litre,2020-12-02T11:19:17
273,Front,Appear,5,pcs,2021-11-09T03:32:05
274,Point,Three,45,kg,2023-12-31T01:32:21
275,Skin,Nearly,46,litre,2022-11-30T11:48:47
276,Our,Success,15,m,2020-11-08T20:53:12
277,Forget,Eye,50,m,2022-08-29T02:52:52
278,Newspaper,Lawyer,13,pcs,2023-12-07T04:26:37
279,Investment,Nice,15,kg,2022-06-25T18:26:13
280,Begin,Prevent,8,pcs,2021-04-13T10:33:16
281,Old,Continue,45,kg,2021-06-18T22:11:26
282,Approach,Memory,44,litre,2025-05-13T00:05:17
283,Poor,New,48,pcs,2022-01-22T13:55:43
284,Believe,Yourself,28,m,2025-08-20T03:10:16
285,Even,Change,21,m,2021-06-10T08:37:46
286,Official,Country,31,kg,2023-01-06T18:24:11
287,Analysis,Like,37,pcs,2023-06-25T12:28:02
288,Value,Teach,18,litre,2021-09-18T02:02:34
289,She,Whatever,39,pcs,2022-10-26T02:17:05
290,On,Again,2,kg,2023-02-08T16:36:17
291,Some,Ball,3,kg,2022-03-25T21:58:12
292,Director,Last,15,litre,2021-06-24T19:57:12
293,Some,East,38,pcs,2021-12-08T12:58:43
294,Physical,Series,26,pcs,2022-10-03T04:43:38
295,Republican,Sell,33,m,2025-10-11T10:57:10
296,Seek,Majority,46,pcs,2021-07-10T04:20:24
297,Drive,Less,11,litre,2024-03-09T16:47:54
298,Charge,With,26,litre,2022-09-02T05:50:07
299,South,Article,4,litre,2022-12-13T19:13:15
300,Only,Low,17,m,2025-07-16T01:43:30
301,Chair,First,1,kg,2021-01-26T18:44:01
302,According,Remain,49,pcs,2023-07-28T04:51:14
303,Sign,Same,45,m,2023-07-23T13:44:39
304,Popular,His,31,litre,2021-01-02T13:31:50
305,Cut,Already,28,pcs,2023-07-20T13:44:48
306,East,Across,19,pcs,2025-04-23T16:03:40
307,Enjoy,Per,25,kg,2021-05-07T07:40:50
308,Can,Something,26,pcs,2021-05-24T06:00:27
309,Poor,Describe,3,m,2023-02-17T11:40:46
310,Rate,Fast,19,kg,2022-03-16T16:23:24
311,With,Issue,36,litre,2022-11-28T11:07:01
312,Foreign,Full,14,m,2022-05-27T21:43:44
313,Eight,Decision,32,m,2025-01-12T17:10:53
314,Green,Security,3,m,2024-08-18T09:10:48
315,Run,Sure,7,litre,2023-08-04T12:01:37
316,Away,Recognize,20,m,2022-08-31T13:51:17
317,One,Key,20,m,2025-05-23T21:31:36
318,Wear,Our,5,kg,2024-04-29T14:00:40
319,Federal,Down,49,kg,2022-06-09T18:36:22
320,Particular,Wind,21,kg,2023-04-01T10:06:22
321,Drop,Another,47,kg,2022-07-22T11:51:14
322,Contain,Sport,50,m,2024-05-22T01:15:01
323,Blue,Mind,22,kg,2024-09-18T18:08:01
324,Tend,Cut,26,kg,2023-05-14T01:10:45
325,Federal,Guess,30,kg,2024-10-10T23:49:39
326,Way,Identify,16,pcs,2025-09-12T05:58:14
327,May,Watch,25,pcs,2020-12-29T23:44:49
328,Meeting,Power,32,litre,2022-08-13T09:23:47
329,Catch,Throw,40,pcs,2021-07-08T13:22:54
330,Concern,Nearly,19,kg,2020-11-09T14:16:42
331,Specific,Fly,35,pcs,2025-10-15T10:44:00
332,We,Congress,4,pcs,2025-02-25T16:32:51
333,Pay,Three,26,kg,2024-07-13T15:04:23
334,Mention,Late,7,pcs,2022-01-14T01:47:35
335,Thought,Reach,21,m,2023-12-21T01:29:38
336,Administration,Thing,2,litre,2021-05-30T13:46:42
337,Teach,Party,26,pcs,2021-09-24T01:08:46
338,Discussion,Save,17,pcs,2021-09-23T13:47:14
339,Experience,Hand,43,m,2021-10-02T12:45:55
340,Factor,Hospital,33,litre,2022-07-23T22:09:00
341,Set,Improve,33,litre,2022-01-16T15:21:38
342,American,Real,8,litre,2025-04-13T18:57:29
343,Same,That,39,pcs,2022-12-18T12:51:05
344,Wall,Offer,31,kg,2024-01-26T21:39:41
345,Big,Others,15,kg,2023-02-26T10:31:51
346,War,Huge,7,pcs,2022-07-09T14:29:31
347,Account,Behind,39,kg,2023-02-14T01:40:25
348,Teacher,In,4,pcs,2021-09-07T23:19:26
349,System,From,40,pcs,2023-09-16T21:05:19
350,Environment,Away,8,m,2025-08-22T01:57:54
351,Give,Operation,39,kg,2025-08-15T18:38:10
352,Six,Real,8,litre,2024-03-22T14:41:25
353,Challenge,Policy,36,m,2022-08-11T18:25:47
354,Commercial,Decade,2,m,2021-03-15T10:28:46
355,Lose,Week,30,kg,2025-05-10T01:58:51
356,Win,After,40,kg,2022-03-17T05:48:21
357,Key,Everybody,43,litre,2024-02-21T16:52:25
358,Federal,Usually,17,litre,2025-05-16T21:33:55
359,Enjoy,Husband,39,pcs,2022-04-02T06:36:30
360,Air,Peace,41,litre,2025-06-26T13:27:15
361,Inside,Population,41,pcs,2023-09-25T20:24:27
362,Class,Shake,1,litre,2024-07-28T10:58:53
363,Analysis,Buy,3,kg,2022-12-07T12:28:54
364,State,They,15,kg,2023-05-18T01:42:11
365,Leave,Allow,50,kg,2024-01-29T14:30:34
366,Continue,Bad,44,kg,2023-08-29T16:11:55
367,Poor,With,36,kg,2022-07-03T10:18:48
368,Pass,To,12,kg,2020-12-20T14:44:43
369,Season,Everything,24,kg,2021-08-18T14:16:27
370,Dream,Eye,30,m,2024-05-21T12:24:10
371,Them,Something,21,litre,2021-06-21T20:38:33
372,Throughout,Black,9,litre,2021-05-15T15:33:27
373,Front,Protect,45,pcs,2021-10-08T18:31:26
374,Require,Positive,22,kg,2021-09-29T07:03:00
375,Election,By,49,m,2024-10-04T11:05:00
376,Once,Opportunity,2,pcs,2020-11-06T17:43:56
377,Able,Institution,35,litre,2025-03-22T04:47:41
378,Brother,Throw,10,pcs,2023-01-02T07:37:59
379,Phone,President,27,litre,2021-11-25T03:12:49
380,Not,Resource,24,litre,2023-05-02T19:50:35
381,Wait,Federal,32,litre,2023-11-11T22:32:24
382,Budget,Interview,32,litre,2023-04-12T22:43:11
383,Time,Another,35,litre,2022-06-19T11:58:55
384,Cost,Have,8,kg,2025-01-19T10:12:04
385,Exactly,Concern,1,m,2023-08-14T13:10:15
386,Through,Argue,33,kg,2024-12-20T17:27:52
387,Significant,Him,39,litre,2023-02-19T13:56:44
388,Interest,Why,9,pcs,2025-08-26T20:26:33
389,Sell,Data,3,litre,2024-11-01T11:17:23
390,Note,Successful,46,litre,2022-09-10T09:08:10
391,Imagine,Your,14,kg,2022-05-15T09:26:46
392,Our,Seek,40,m,2023-01-18T22:11:23
393,Him,Doctor,28,litre,2023-07-31T21:09:40
394,Bring,Someone,23,litre,2024-08-15T14:35:01
395,Yourself,Five,20,kg,2022-10-21T02:03:03
396,Listen,Others,26,litre,2025-10-31T04:37:04
397,Chair,Through,41,pcs,2021-06-01T12:53:54
398,Determine,Occur,28,pcs,2023-12-22T03:07:11
399,Onto,Material,37,litre,2022-08-13T18:44:27
400,Family,Rise,23,pcs,2021-07-24T22:38:23
401,Traditional,Daughter,1,kg,2023-06-28T23:57:43
402,Fire,Relationship,34,pcs,2021-02-05T18:44:40
403,Far,Tell,47,m,2025-09-28T15:48:00
404,Mind,Buy,42,pcs,2025-05-28T19:58:34
405,Couple,Policy,17,kg,2023-01-04T19:48:51
406,Live,Hotel,36,pcs,2023-03-19T16:44:33
407,Consider,Method,6,m,2022-01-27T06:59:57
408,Information,Forward,14,pcs,2024-02-02T21:17:31
409,Prevent,Community,23,pcs,2023-10-10T09:40:02
410,Only,Trade,1,m,2025-04-03T04:18:27
411,Property,Deal,45,kg,2022-01-12T03:15:41
412,Piece,Team,24,kg,2021-10-12T10:30:40
413,Job,Support,20,m,2022-06-23T18:11:42
414,Reality,Foreign,42,m,2023-09-07T00:59:17
415,Believe,Relate,12,m,2021-05-14T18:21:52
416,Mind,I,22,litre,2022-09-01T06:07:13
417,Decision,Inside,5,m,2023-05-25T12:01:36
418,Remain,Impact,5,litre,2023-09-12T17:30:41
419,Offer,Bank,34,m,2022-03-14T10:14:55
420,Reduce,Next,14,litre,2024-07-19T15:36:29
421,Model,Glass,25,pcs,2020-11-15T21:09:39
422,Peace,Reality,7,kg,2024-06-07T07:14:32
423,Election,Bar,12,m,2025-10-20T04:14:29
424,Account,Glass,31,pcs,2024-07-22T18:00:27
425,On,Mr,45,litre,2021-10-26T03:53:26
426,Build,Game,39,m,2024-03-30T06:46:23
427,Community,Medical,45,kg,2023-07-30T01:20:58
428,Card,Rise,42,m,2022-06-29T15:18:31
429,Chair,Surface,10,m,2024-07-31T06:48:20
430,Half,Process,44,litre,2025-03-11T05:55:34
431,Own,Budget,49,kg,2022-10-18T20:12:31
432,Other,Write,49,litre,2022-08-26T16:48:59
433,Follow,Amount,4,m,2025-03-24T11:52:34
434,Here,Day,49,kg,2023-12-23T11:54:22
435,Song,Standard,21,pcs,2022-10-12T06:44:47
436,You,Section,17,pcs,2021-06-21T23:49:28
437,Assume,Not,5,kg,2022-01-25T23:20:26
438,End,Executive,37,m,2025-10-15T02:25:59
439,Serious,I,47,pcs,2021-11-07T11:54:17
440,Ground,Smile,46,m,2024-12-13T20:33:04
441,Professor,Fund,16,kg,2023-10-16T16:06:50
442,Picture,Structure,18,m,2024-02-25T21:04:24
443,By,List,24,litre,2023-05-18T17:40:12
444,Section,So,46,m,2025-08-04T09:42:34
445,Mission,Church,15,m,2024-05-31T22:25:59
446,Hundred,Effort,42,kg,2025-02-06T00:39:46
447,Let,Region,21,m,2022-09-26T09:10:37
448,Field,Agree,41,pcs,2024-11-14T20:37:27
449,Although,See,11,kg,2024-09-24T17:30:16
450,Because,Institution,36,litre,2023-03-13T06:57:57
451,Red,Within,49,m,2023-04-27T00:28:51
452,Material,Scientist,10,kg,2023-11-21T03:38:29
453,Nation,Agreement,48,kg,2022-11-23T19:00:37
454,Religious,Country,7,pcs,2023-12-04T17:06:53
455,Itself,Responsibility,28,kg,2024-09-27T12:13:40
456,Sport,Own,35,litre,2025-03-02T12:03:16
457,Machine,Ask,36,m,2024-06-24T09:15:33
458,Door,Surface,9,pcs,2023-03-01T12:31:44
459,Political,Company,44,pcs,2022-04-22T08:12:52
460,Fight,Than,3,litre,2022-11-03T12:35:19
461,Since,Notice,15,m,2022-04-03T06:15:54
462,Spring,Including,39,pcs,2021-09-01T00:44:09
463,Game,Picture,5,kg,2023-08-14T00:41:22
464,Try,Join,12,m,2023-10-20T23:17:32
465,Information,Return,30,pcs,2023-03-10T09:13:26
466,Fish,Share,42,m,2024-12-18T22:47:06
467,Deal,Protect,19,pcs,2021-01-10T03:50:05
468,For,Activity,17,kg,2024-02-10T01:38:58
469,Moment,Speech,10,m,2021-02-10T07:53:53
470,Quite,Face,49,kg,2024-03-20T03:03:50
471,Accept,Suffer,2,kg,2022-10-18T13:40:31
472,Sport,Century,22,m,2025-05-19T15:04:44
473,Tv,Inside,33,m,2020-12-18T14:14:25
474,Pretty,Culture,21,litre,2020-12-30T19:29:05
475,Meeting,Blue,14,kg,2024-02-28T16:40:51
476,Six,Need,39,litre,2022-09-24T08:32:12
477,Opportunity,South,18,kg,2021-07-26T06:31:23
478,Off,Another,41,litre,2022-05-31T13:06:16
479,Investment,Market,1,m,2021-02-20T14:09:55
480,Road,Allow,23,pcs,2022-06-26T01:26:21
481,Those,Personal,9,litre,2025-05-16T06:08:24
482,Lay,Trade,11,m,2021-08-10T07:45:26
483,I,Mr,38,pcs,2025-04-30T02:53:53
484,Television,Beautiful,18,kg,2024-07-28T23:48:20
485,Fund,Effort,50,m,2024-07-23T09:28:22
486,Create,Thank,14,m,2022-03-09T01:58:02
487,Trade,Apply,39,m,2023-07-02T02:28:13
488,Despite,Significant,27,pcs,2023-12-12T23:27:15
489,Window,Lawyer,30,kg,2022-09-11T03:10:58
490,Four,Them,1,litre,2023-08-31T14:27:10
491,Rich,Foreign,4,kg,2023-07-17T18:28:25
492,Music,Simply,28,litre,2022-03-25T09:49:31
493,Community,Street,40,kg,2020-12-29T05:18:34
494,Couple,Painting,31,kg,2025-09-23T22:50:38
495,Animal,Heavy,25,kg,2023-01-14T04:13:42
496,Value,American,4,pcs,2025-05-06T00:26:13
497,Benefit,After,23,kg,2021-03-11T03:51:58
498,Fine,Government,31,litre,2024-04-08T06:46:03
499,Pull,Body,13,litre,2023-08-01T08:12:33
500,Between,Perform,19,pcs,2023-05-31T05:10:44
501,So,Campaign,8,m,2022-01-27T07:50:58
502,Sea,Least,18,litre,2021-06-14T20:05:08
503,Line,After,35,pcs,2022-05-04T04:07:57
504,Responsibility,Item,23,kg,2021-09-05T04:26:17
505,Simply,Picture,37,pcs,2021-04-01T09:39:30
506,Quickly,Person,35,m,2023-05-17T18:40:07
507,Station,International,19,pcs,2023-06-05T03:52:02
508,Generation,Option,37,pcs,2023-03-28T13:04:45
509,Cut,Actually,4,kg,2021-03-02T10:18:35
510,Yeah,Six,22,m,2024-06-08T06:04:22
511,Light,Office,34,litre,2022-08-30T22:12:07
512,Eight,Name,33,kg,2021-01-14T05:33:44
513,She,Woman,21,litre,2023-12-24T23:45:17
514,Society,Visit,13,pcs,2023-05-30T06:04:29
515,Cut,Series,14,pcs,2023-08-24T21:31:26
516,President,Like,12,kg,2022-12-31T05:19:57
517,Meet,Court,2,kg,2023-08-16T16:03:00
518,Particularly,Role,29,kg,2025-04-22T21:34:53
519,Likely,Guy,41,m,2022-04-02T07:03:41
520,Develop,Discussion,20,pcs,2025-04-15T04:30:13
521,Radio,Break,24,kg,2024-10-25T06:40:07
522,Serious,Inside,13,m,2023-10-20T11:58:28
523,Report,Sort,50,pcs,2022-01-16T22:54:19
524,Case,Hundred,7,litre,2024-12-08T17:57:36
525,Movement,Upon,18,litre,2022-08-30T09:16:00
526,Develop,Free,35,m,2022-03-10T16:56:09
527,Eight,Than,43,pcs,2021-08-18T18:17:27
528,Machine,Finally,46,litre,2023-01-15T18:33:09
529,Enter,Draw,3,kg,2024-01-03T06:42:18
530,Condition,Single,13,litre,2023-02-12T13:22:52
531,Necessary,Article,5,litre,2025-05-16T03:28:01
532,A,Situation,23,m,2022-10-27T23:34:53
533,Deal,Detail,5,pcs,2022-08-08T02:43:03
534,Expert,Bar,9,pcs,2022-10-03T02:31:18
535,Matter,Today,47,m,2024-07-14T23:36:47
536,Prevent,Something,26,m,2021-10-08T01:44:08
537,Part,Evening,17,pcs,2024-07-05T10:14:43
538,Professional,Once,37,kg,2023-11-24T09:20:19
539,Avoid,Maintain,12,kg,2025-09-18T20:05:06
540,Language,Character,2,litre,2025-03-27T23:54:52
541,Often,Newspaper,5,m,2024-02-09T02:16:55
542,Respond,Agreement,11,m,2025-05-18T12:50:25
543,Us,Gun,2,pcs,2023-04-11T09:14:57
544,Ahead,Explain,39,pcs,2025-02-03T16:37:23
545,Course,Born,29,litre,2022-01-09T11:13:11
546,Method,Teach,39,litre,2025-04-08T20:17:06
547,Such,Do,37,m,2024-12-30T12:51:59
548,Community,Cost,2,m,2022-08-29T06:13:34
549,Leave,Section,30,pcs,2025-10-13T06:40:51
550,True,Least,1,litre,2024-06-08T01:04:43
551,Mr,Field,12,kg,2025-09-02T01:41:57
552,Myself,Computer,21,pcs,2023-06-23T15:43:12
553,Player,Realize,5,litre,2021-06-17T02:43:40
554,Run,Life,32,m,2024-08-22T03:26:45
555,Himself,Difference,40,pcs,2023-11-29T21:12:26
556,Authority,Pay,30,m,2022-08-16T21:40:46
557,Serious,Myself,35,pcs,2021-11-19T05:56:52
558,Education,Bar,39,kg,2025-03-06T12:05:59
559,Center,Water,13,kg,2024-11-23T17:49:53
560,There,Head,27,pcs,2024-12-14T16:00:04
561,Particular,Church,45,m,2022-01-26T11:35:00
562,Various,Large,42,m,2025-08-17T00:34:06
563,Control,Similar,32,pcs,2023-08-13T08:30:43
564,Third,Pressure,30,pcs,2023-07-08T11:32:00
565,Crime,Weight,27,litre,2024-11-28T09:09:04
566,Likely,Soldier,4,m,2023-03-30T02:00:37
567,Central,Herself,32,litre,2023-12-25T12:02:50
568,Human,Most,21,kg,2022-09-25T22:23:09
569,Individual,Development,31,kg,2020-12-01T02:36:16
570,Note,Country,37,kg,2021-02-24T20:23:45
571,Thank,Necessary,5,pcs,2024-12-06T09:14:47
572,Seat,Ask,11,m,2024-08-31T06:36:30
573,Break,Early,38,kg,2024-07-11T21:17:37
574,Response,Hope,9,pcs,2025-06-19T22:14:36
575,Hospital,With,33,litre,2022-08-28T23:15:12
576,Public,Local,1,pcs,2023-05-04T16:42:53
577,Too,Those,28,kg,2021-12-17T18:56:49
578,Write,Party,44,m,2022-09-14T21:06:31
579,Owner,Career,44,m,2023-09-14T01:16:10
580,Moment,Ground,18,m,2022-04-28T01:19:07
581,Customer,Training,5,litre,2022-07-20T09:05:51
582,Executive,School,39,litre,2021-09-25T00:16:25
583,Morning,Factor,6,kg,2022-04-20T15:06:10
584,Church,Few,32,pcs,2023-10-04T15:45:35
585,Car,Senior,16,m,2021-11-11T12:46:13
586,Page,Simple,2,m,2024-04-18T00:58:59
587,Book,Wind,39,litre,2024-09-10T00:14:08
588,Toward,Lead,34,m,2022-06-14T05:48:46
589,Station,Have,15,pcs,2024-02-11T16:10:15
590,Power,Dinner,21,pcs,2024-11-04T20:35:08
591,No,American,9,litre,2022-02-12T11:16:28
592,View,Charge,41,m,2021-03-27T08:21:59
593,Sign,Along,16,kg,2022-03-31T09:09:23
594,Material,Simple,39,pcs,2021-04-16T07:44:59
595,Officer,Theory,37,pcs,2021-04-07T23:30:38
596,Production,Tend,44,litre,2023-02-10T07:56:04
597,Police,Near,23,m,2024-10-10T22:38:47
598,Country,Mother,21,m,2024-09-17T02:07:21
599,Section,Employee,35,pcs,2022-08-09T06:49:40
600,Show,Remember,27,kg,2021-07-08T11:37:20
601,Visit,Rather,4,m,2025-10-17T11:18:11
602,Step,Name,9,litre,2024-07-10T22:11:27
603,Political,Loss,40,m,2022-10-06T20:34:37
604,Open,Police,33,litre,2025-07-20T05:56:51
605,Set,Report,4,litre,2021-01-30T22:15:14
606,Sort,See,11,m,2025-05-02T07:34:37
607,Care,World,4,kg,2022-01-17T17:01:38
608,Amount,Marriage,13,kg,2023-11-30T12:37:02
609,Any,Create,2,kg,2021-03-08T11:47:13
610,Left,Figure,4,litre,2021-07-09T04:43:23
611,Bring,Still,50,kg,2021-12-17T10:04:32
612,Edge,Learn,10,pcs,2025-04-01T07:12:09
613,School,Theory,21,kg,2021-07-16T20:39:31
614,Painting,Point,33,m,2022-06-16T23:58:25
615,Become,Wish,22,kg,2024-07-11T04:44:37
616,Born,Including,36,pcs,2022-08-19T05:16:07
617,American,Raise,14,m,2025-08-13T14:15:46
618,Reflect,Identify,37,litre,2023-09-21T04:10:00
619,Offer,Pressure,33,m,2022-12-14T18:33:37
620,Thought,News,29,m,2022-03-13T09:07:15
621,Benefit,Figure,10,kg,2022-06-04T06:05:40
622,Before,Group,10,litre,2023-01-04T04:10:08
623,Likely,Blood,25,pcs,2024-04-24T08:04:40
624,Become,Ever,3,kg,2022-06-23T12:03:50
625,Dinner,Then,36,kg,2022-02-27T20:54:39
626,Make,Mouth,8,pcs,2022-10-27T06:34:23
627,Write,Produce,34,litre,2024-10-11T19:34:19
628,Morning,Leg,12,pcs,2024-09-02T14:19:29
629,Specific,Their,49,m,2025-05-16T22:57:14
630,Figure,Class,49,pcs,2025-02-24T22:25:49
631,Though,Left,44,kg,2022-10-11T02:48:13
632,Music,Son,24,m,2025-01-20T11:06:48
633,Example,Number,5,kg,2022-09-09T23:29:28
634,President,Better,4,litre,2024-06-04T04:20:01
635,Finish,Standard,12,m,2023-01-16T02:20:22
636,State,Factor,12,litre,2024-08-02T16:19:40
637,Scientist,Name,19,litre,2023-08-06T11:13:31
638,Water,We,49,litre,2024-10-21T12:57:11
639,Contain,Effort,2,litre,2022-07-10T06:45:16
640,Name,Local,2,kg,2023-04-23T15:08:25
641,Ball,Paper,19,m,2021-12-29T04:19:23
642,Discuss,Among,25,kg,2021-10-24T21:40:11
643,General,Yeah,5,m,2021-02-05T18:23:10
644,She,Strong,23,m,2023-12-16T06:18:02
645,Late,Between,9,litre,2022-10-10T09:43:13
646,Also,Same,17,kg,2025-06-06T08:04:55
647,Usually,Hotel,8,litre,2022-07-05T12:41:51
648,Question,Animal,37,pcs,2025-01-24T22:29:07
649,Food,Nor,38,m,2023-06-12T17:26:30
650,Research,Student,49,litre,2025-04-05T08:28:42
651,Seem,Pretty,23,m,2022-03-11T19:16:38
652,Account,Everyone,8,pcs,2025-01-21T16:46:26
653,Group,Back,17,m,2024-09-08T06:45:10
654,Painting,Agency,17,pcs,2025-04-18T20:16:12
655,Central,Learn,28,m,2023-06-17T14:11:09
656,Since,Relationship,20,litre,2021-06-18T11:56:13
657,Country,Miss,34,kg,2023-03-23T14:50:34
658,Onto,Whom,39,kg,2024-09-26T08:51:49
659,Nor,Hundred,20,pcs,2021-09-13T10:57:26
660,Easy,Entire,42,litre,2022-12-10T11:09:52
661,Animal,Available,28,litre,2024-11-07T23:00:43
662,Language,Under,5,pcs,2023-08-29T02:40:36
663,Letter,Inside,34,litre,2022-03-07T08:20:54
664,Control,Paper,4,pcs,2024-03-12T23:05:30
665,Expect,Treatment,29,m,2023-11-27T03:02:21
666,Others,During,40,pcs,2025-09-14T00:47:52
667,Carry,Ask,1,litre,2021-09-25T06:12:46
668,Sport,People,6,pcs,2023-03-01T19:10:02
669,Us,Area,10,pcs,2025-04-29T22:41:39
670,Involve,Economic,13,pcs,2024-10-24T07:36:20
671,Catch,Lose,24,m,2022-10-08T02:58:35
672,What,Trouble,28,litre,2025-04-27T20:42:08
673,We,Before,30,m,2024-08-08T00:49:55
674,Ten,Per,12,pcs,2025-03-05T12:19:59
675,Myself,Protect,27,kg,2020-12-15T13:12:50
676,Approach,Five,24,kg,2020-11-22T03:33:29
677,Support,To,41,m,2021-01-27T06:11:38
678,During,Perhaps,47,m,2021-03-14T21:44:33
679,Stand,Pay,20,m,2023-12-13T01:40:04
680,Charge,Project,2,litre,2025-06-29T04:18:39
681,Property,Rule,28,m,2020-11-18T05:59:41
682,Stop,Loss,20,litre,2025-02-27T10:13:15
683,Old,Treatment,34,pcs,2024-11-30T22:31:16
684,Sell,Out,21,m,2021-07-10T15:45:15
685,Before,Picture,40,kg,2023-02-13T00:23:10
686,Only,Doctor,40,litre,2023-03-23T04:53:35
687,Three,Kind,32,m,2025-07-08T22:27:29
688,Church,Already,44,pcs,2023-12-08T15:17:03
689,Range,Present,20,kg,2022-10-12T19:57:35
690,Evening,Budget,21,pcs,2022-04-16T20:03:27
691,Despite,Car,32,m,2025-02-02T02:09:57
692,Authority,Behavior,10,kg,2024-08-26T06:12:53
693,Field,Pattern,8,kg,2021-06-03T04:48:48
694,Service,Wife,1,kg,2023-02-23T02:25:17
695,Small,Should,50,litre,2024-11-27T04:10:06
696,Hard,Stuff,48,kg,2021-03-24T21:38:44
697,Whatever,Must,27,pcs,2020-11-29T16:30:44
698,Budget,Remember,1,pcs,2025-05-09T02:58:18
699,Language,Perhaps,20,m,2025-10-30T21:36:41
700,That,Smile,12,kg,2022-04-21T04:33:09
701,Task,Ok,12,kg,2022-05-24T22:05:56
702,Increase,All,9,pcs,2025-10-30T20:39:30
703,Western,Name,49,m,2025-02-01T05:35:46
704,Occur,Prove,9,pcs,2025-07-25T22:58:06
705,Scientist,I,17,pcs,2022-10-24T06:36:52
706,Owner,Pretty,32,kg,2024-06-18T05:12:54
707,Gun,Coach,46,m,2020-11-11T03:35:31
708,Treat,Support,15,m,2025-03-04T00:54:36
709,Poor,Institution,13,pcs,2022-04-15T23:35:55
710,Century,Remain,31,pcs,2024-05-08T23:33:47
711,Compare,Throughout,45,m,2025-10-30T01:48:07
712,Bring,Different,27,litre,2021-04-23T06:12:14
713,Practice,Industry,1,pcs,2023-10-11T05:35:10
714,Chair,Bank,16,m,2021-10-14T03:10:04
715,Third,Tough,8,m,2021-01-19T21:36:58
716,List,Politics,39,pcs,2025-05-01T04:50:17
717,Baby,Himself,42,kg,2024-09-22T21:40:15
718,Reality,Artist,14,kg,2023-04-27T22:42:13
719,Before,Center,7,kg,2024-06-18T05:36:01
720,Hard,Which,37,kg,2025-02-05T16:18:01
721,Increase,Surface,25,pcs,2024-08-22T03:34:32
722,Newspaper,Meet,23,litre,2021-12-10T22:44:43
723,Seat,Find,10,pcs,2022-03-20T16:09:38
724,During,Cold,44,litre,2020-12-28T03:43:02
725,Age,Continue,13,pcs,2023-07-01T01:04:16
726,Imagine,I,5,m,2024-03-23T18:12:42
727,Someone,Job,44,litre,2023-09-10T20:10:48
728,Too,About,32,litre,2022-04-09T20:29:42
729,Option,Right,44,kg,2024-02-10T11:09:35
730,Course,Own,16,litre,2025-02-13T10:38:28
731,Both,Want,23,kg,2022-12-22T02:35:44
732,Figure,Dinner,26,kg,2023-09-29T22:35:00
733,Enter,Pretty,2,pcs,2025-04-06T18:35:18
734,By,Improve,46,litre,2025-03-10T20:21:30
735,Sit,Safe,5,pcs,2023-11-29T17:39:21
736,Old,National,13,pcs,2021-05-12T22:35:11
737,Former,Activity,43,kg,2024-11-17T01:09:18
738,Hot,Store,34,litre,2022-11-02T22:19:11
739,Discussion,And,38,m,2022-12-19T13:23:29
740,Strategy,Record,11,litre,2021-11-30T02:29:42
741,Then,Mention,14,m,2024-02-02T19:42:49
742,Success,Boy,1,m,2021-02-15T14:26:28
743,Thousand,Senior,19,litre,2025-06-23T15:44:27
744,Education,Culture,23,m,2024-07-07T05:07:57
745,Response,Attorney,5,m,2022-02-18T10:16:24
746,Model,Summer,49,litre,2021-07-20T03:10:26
747,Near,Pick,40,kg,2022-12-20T20:16:02
748,Information,Throw,11,kg,2025-07-13T23:39:50
749,Final,Relate,39,pcs,2022-01-27T02:41:53
750,Pattern,Finally,45,pcs,2025-09-02T00:27:26
751,Think,About,11,pcs,2021-08-28T22:21:47
752,Itself,Building,39,pcs,2024-09-02T07:42:11
753,Business,Reduce,37,pcs,2021-05-12T21:59:04
754,She,Door,30,litre,2025-02-11T17:15:29
755,Later,Day,45,pcs,2020-12-17T14:23:54
756,Item,However,6,kg,2022-03-21T07:20:07
757,Career,Result,32,litre,2023-11-13T06:57:44
758,Certainly,Thank,42,pcs,2021-01-18T15:34:18
759,Skill,Itself,30,m,2023-01-17T00:25:46
760,Sell,Establish,26,litre,2023-12-04T01:15:37
761,Despite,Soldier,34,m,2025-03-16T13:00:40
762,Set,Fine,41,litre,2023-11-03T18:32:22
763,Western,Pattern,26,litre,2021-12-17T23:23:09
764,Among,History,8,kg,2024-06-21T17:46:14
765,Ever,Marriage,6,litre,2025-03-28T06:47:18
766,Movie,Might,32,m,2023-06-16T06:12:51
767,Toward,Central,47,m,2025-03-31T22:00:28
768,Respond,Factor,20,pcs,2024-03-09T16:02:52
769,Tonight,Think,23,litre,2021-02-26T12:26:11
770,Positive,Ten,24,litre,2021-07-05T15:06:05
771,Material,Serve,19,kg,2022-08-18T13:12:53
772,Play,Similar,31,m,2024-10-29T17:33:51
773,Within,Situation,39,kg,2022-08-04T16:54:01
774,Wife,Population,19,pcs,2025-04-30T05:50:34
775,Dream,Rather,14,kg,2024-04-19T20:49:46
776,Rock,Part,35,pcs,2023-10-12T16:03:46
777,Skill,Because,33,pcs,2021-11-02T22:58:34
778,Bring,Adult,7,kg,2021-03-13T00:05:39
779,Manage,Serious,40,m,2025-01-11T05:37:15
780,Together,Need,23,m,2021-03-27T17:30:09
781,Work,Relate,43,m,2023-06-15T19:11:24
782,Law,Build,21,litre,2023-10-23T19:43:41
783,Race,Medical,13,m,2023-02-22T01:11:32
784,Music,Main,11,litre,2022-09-21T15:47:56
785,Garden,Term,17,pcs,2022-07-14T16:52:24
786,Option,Final,29,pcs,2022-02-13T11:01:26
787,Drive,Age,45,m,2025-09-27T04:45:54
788,Fund,Expert,41,pcs,2024-10-13T23:18:58
789,Method,Agent,13,pcs,2021-10-02T00:58:32
790,Itself,Wonder,3,m,2021-03-04T20:37:22
791,They,Great,28,m,2022-12-21T19:32:06
792,Into,Behavior,10,litre,2023-04-16T05:31:13
793,Budget,Factor,20,pcs,2024-07-23T16:13:43
794,Whom,Risk,47,m,2025-08-31T15:57:04
795,Free,Go,23,litre,2022-01-18T21:18:48
796,Five,Meeting,17,m,2023-10-09T12:02:14
797,Increase,Response,18,kg,2022-01-08T23:54:15
798,Work,Simple,5,kg,2022-03-16T18:00:21
799,Minute,Test,37,pcs,2021-05-22T07:22:23
800,It,Brother,16,kg,2024-02-06T20:11:20
801,Can,For,28,m,2025-03-10T06:53:03
802,Value,Economic,7,kg,2023-09-20T02:47:47
803,Company,Tv,49,m,2024-02-04T00:09:08
804,Side,Second,29,kg,2024-09-17T20:48:35
805,Quickly,Culture,37,kg,2020-12-29T01:58:33
806,Ready,South,26,kg,2020-12-23T14:08:56
807,Law,Authority,13,litre,2023-10-21T14:31:29
808,Go,Explain,3,pcs,2024-06-27T09:55:12
809,Exactly,Table,39,m,2021-02-23T02:54:28
810,Take,Add,8,pcs,2022-09-23T17:46:11
811,Challenge,Scientist,14,pcs,2025-03-14T08:57:53
812,Measure,What,44,kg,2022-12-03T08:05:37
813,Especially,Just,10,kg,2025-06-18T03:33:50
814,Carry,Campaign,29,litre,2020-12-24T19:00:35
815,Finish,Themselves,7,m,2021-10-11T03:42:37
816,Because,A,36,m,2021-08-26T13:58:38
817,System,Believe,50,kg,2025-08-19T01:37:33
818,Body,Huge,23,pcs,2024-12-11T08:40:15
819,Nice,Nearly,6,litre,2021-10-26T08:39:47
820,Scene,Community,45,m,2023-05-22T19:41:42
821,Economic,Top,12,kg,2022-03-11T22:47:36
822,Realize,Ground,16,pcs,2022-03-01T02:22:07
823,What,Hair,36,m,2024-01-15T01:09:31
824,Current,Good,33,kg,2023-12-23T09:02:49
825,Amount,Toward,6,kg,2021-11-07T11:40:28
826,Wonder,Fear,11,litre,2022-07-19T16:47:17
827,Father,Break,23,litre,2021-12-25T02:10:03
828,Scene,Example,2,kg,2023-04-04T22:03:31
829,Answer,Here,19,pcs,2021-06-22T08:12:02
830,Smile,Send,40,litre,2022-11-16T10:49:44
831,More,Employee,8,pcs,2022-01-05T11:12:34
832,Total,Opportunity,18,m,2022-01-04T22:18:01
833,Community,Final,20,kg,2022-06-28T19:42:29
834,Six,Scientist,26,kg,2023-12-31T08:31:17
835,Push,Senior,41,litre,2023-12-18T07:39:42
836,But,Bit,42,m,2022-08-20T16:35:00
837,Term,Outside,34,pcs,2025-06-06T14:55:35
838,Week,Future,36,litre,2025-07-09T03:48:26
839,Entire,Rate,13,pcs,2025-05-26T13:12:51
840,Contain,Quickly,31,m,2025-02-26T14:41:05
841,From,Matter,9,litre,2022-08-27T10:37:22
842,Defense,War,28,m,2021-08-24T01:58:51
843,Much,Along,11,m,2023-12-26T03:59:10
844,General,Effect,42,litre,2023-01-09T06:09:57
845,Measure,Want,36,m,2023-12-05T19:38:41
846,Season,Property,8,kg,2025-01-05T06:33:06
847,Program,Worry,26,pcs,2022-11-27T16:45:15
848,Economy,Room,32,m,2022-10-24T08:29:41
849,During,Guess,44,litre,2022-03-31T00:07:22
850,Cause,Week,39,kg,2022-10-27T21:15:35
851,Him,Garden,29,m,2024-07-14T06:23:36
852,Through,Can,11,pcs,2020-11-10T13:51:51
853,Appear,Child,42,pcs,2025-05-01T03:28:04
854,Mother,Whatever,15,pcs,2022-01-11T16:01:17
855,Compare,Create,26,pcs,2021-08-11T22:55:31
856,Be,Fear,3,kg,2021-06-09T03:49:32
857,Behavior,Themselves,33,pcs,2023-01-10T12:24:35
858,Offer,Happen,7,pcs,2021-12-04T17:56:35
859,Need,Guy,7,litre,2021-05-08T14:32:30
860,Attack,Treatment,3,m,2025-06-14T19:33:31
861,Of,Senior,2,m,2025-07-29T04:27:24
862,Front,Site,46,litre,2023-03-31T20:05:34
863,Leader,Model,35,litre,2024-03-21T23:53:46
864,Third,Cold,15,litre,2025-05-08T00:52:36
865,Address,Activity,20,pcs,2024-11-21T16:02:27
866,Painting,Billion,24,kg,2024-07-27T17:39:19
867,Report,Place,8,litre,2021-02-19T17:54:43
868,Probably,Job,47,pcs,2025-10-23T06:32:03
869,Training,Full,9,pcs,2025-05-08T00:28:57
870,Figure,Stock,32,kg,2022-05-06T15:45:18
871,Dog,Space,37,litre,2024-07-06T04:39:51
872,Indeed,Certainly,50,pcs,2023-08-07T15:46:36
873,Act,Require,41,pcs,2024-12-11T02:14:34
874,Process,Should,27,kg,2023-04-05T19:55:35
875,Great,Participant,8,litre,2024-02-29T22:46:34
876,Total,Friend,9,m,2022-06-08T06:26:22
877,Nothing,Two,33,pcs,2021-05-11T19:17:45
878,Say,Actually,4,litre,2021-10-16T10:22:33
879,Wait,Single,31,pcs,2024-07-22T22:58:13
880,Mean,Natural,38,litre,2022-10-26T08:31:07
881,Change,Color,43,litre,2025-07-06T07:38:56
882,Huge,Important,28,litre,2021-12-10T03:06:29
883,Leg,American,48,m,2025-07-07T06:12:48
884,Describe,Expect,5,litre,2022-10-26T16:42:08
885,Rich,Painting,25,pcs,2024-10-26T02:34:19
886,Pass,Actually,26,m,2025-08-06T03:00:00
887,Loss,Read,36,m,2021-08-02T12:36:12
888,Never,Some,36,m,2024-05-14T06:15:28
889,Hold,Itself,41,m,2022-08-20T11:31:23
890,Know,Push,18,kg,2023-01-09T13:45:40
891,Always,Continue,19,m,2022-08-14T12:47:40
892,Administration,Recent,4,m,2025-04-13T11:47:23
893,Beautiful,Success,47,litre,2023-10-18T22:52:58
894,Language,Choice,19,m,2022-11-22T16:52:21
895,Feel,Ground,15,litre,2023-06-01T20:40:52
896,Fly,Road,36,m,2021-06-07T10:36:58
897,Election,Republican,21,pcs,2022-08-27T22:43:39
898,Special,How,12,litre,2021-03-04T06:51:16
899,Company,Stage,22,kg,2021-05-10T13:59:26
900,Look,Night,32,litre,2025-01-06T17:39:39
901,May,Provide,27,litre,2025-08-27T13:59:29
902,Door,Maintain,16,pcs,2021-01-21T15:18:18
903,Establish,Author,22,m,2020-11-14T03:27:30
904,Surface,On,12,m,2025-10-04T14:50:59
905,Include,Quality,18,pcs,2023-11-14T11:57:41
906,Agency,Conference,45,litre,2022-07-09T00:16:20
907,Spring,Hot,35,kg,2024-12-25T22:17:02
908,Accept,Not,12,pcs,2025-01-28T12:28:18
909,Use,Large,6,kg,2025-09-03T16:42:12
910,Task,Tough,25,pcs,2022-09-17T12:18:24
911,Establish,I,36,litre,2022-05-27T20:34:29
912,Hundred,Perform,34,m,2023-11-25T08:49:13
913,Letter,Huge,2,litre,2023-12-06T03:46:16
914,Benefit,Budget,14,m,2023-12-25T00:46:31
915,Front,Hold,21,m,2023-05-08T05:49:53
916,Necessary,Travel,27,litre,2023-03-18T01:22:26
917,Note,Begin,32,pcs,2025-01-18T13:40:23
918,It,Its,1,m,2024-06-28T03:32:53
919,Full,Language,24,litre,2021-08-07T16:09:45
920,Media,Money,33,kg,2022-06-28T15:56:59
921,Sometimes,Stuff,28,kg,2020-11-04T06:54:09
922,Reveal,Reflect,20,kg,2025-01-01T09:43:54
923,Significant,North,20,kg,2023-12-09T14:52:04
924,Political,Space,14,m,2021-06-30T23:23:01
925,Community,Movement,40,kg,2025-04-16T22:04:42
926,Data,Yeah,34,litre,2021-01-26T09:38:11
927,Opportunity,Attack,1,pcs,2023-01-16T11:52:15
928,Tend,Friend,22,kg,2021-07-02T11:40:08
929,Meet,Attack,23,pcs,2021-01-17T00:24:02
930,Material,Wife,14,litre,2025-09-08T18:26:51
931,Will,Could,12,litre,2023-03-24T00:19:25
932,Decision,Old,12,m,2022-04-08T21:48:54
933,Size,Evidence,35,litre,2025-02-15T18:38:29
934,Read,Sea,8,kg,2023-06-19T00:48:00
935,Company,Management,7,pcs,2022-02-04T06:38:52
936,Relationship,Usually,41,m,2023-01-08T13:17:39
937,Its,Gun,1,m,2022-06-03T10:03:44
938,Social,City,47,litre,2020-12-19T04:49:31
939,Smile,Candidate,17,kg,2025-07-21T20:21:02
940,Vote,Value,27,pcs,2021-07-25T23:50:35
941,Lose,Note,23,m,2025-01-04T19:37:27
942,While,Development,30,pcs,2022-02-19T01:08:30
943,Option,The,11,pcs,2022-06-02T09:11:22
944,Include,Produce,50,litre,2023-11-14T20:06:24
945,No,Me,9,litre,2022-12-01T18:49:38
946,If,Family,24,litre,2023-08-07T09:29:48
947,Yet,Serious,41,kg,2025-03-28T02:00:53
948,Because,Nice,16,kg,2022-11-01T04:39:58
949,However,Company,3,pcs,2023-02-28T07:52:29
950,Read,Make,27,pcs,2021-09-18T16:41:56
951,Fly,Seven,8,kg,2024-09-06T18:55:17
952,Join,Drive,28,m,2025-09-05T08:25:47
953,Economy,Catch,10,litre,2022-09-30T14:18:58
954,Serious,Grow,50,m,2022-04-17T21:10:33
955,Peace,Century,50,pcs,2021-11-25T13:23:30
956,Politics,Range,11,kg,2024-03-04T11:27:09
957,Year,Conference,15,m,2021-07-16T01:46:00
958,Nothing,The,11,kg,2025-02-16T21:11:18
959,Support,Rich,21,m,2021-07-29T12:07:53
960,Window,Business,44,m,2025-04-08T13:31:32
961,Teacher,Ball,39,litre,2023-10-02T04:54:54
962,Scene,Administration,16,kg,2024-03-20T15:12:59
963,Line,Though,43,m,2022-03-23T12:55:30
964,Perhaps,Majority,26,pcs,2022-12-30T04:21:22
965,School,Similar,29,m,2021-05-13T00:21:26
966,Middle,Tax,38,pcs,2025-05-28T10:08:23
967,Bed,Heavy,26,pcs,2025-07-23T01:55:06
968,Take,Eat,21,m,2025-03-09T22:28:15
969,Alone,Help,21,litre,2023-05-03T04:54:27
970,Keep,Study,7,kg,2021-09-12T15:44:59
971,Season,Animal,39,litre,2025-10-19T12:12:51
972,Sound,Administration,49,pcs,2023-11-17T03:33:09
973,Sing,Play,43,m,2022-10-26T03:21:14
974,School,Support,31,m,2022-12-18T22:52:11
975,Door,Money,49,pcs,2021-07-09T23:58:19
976,Set,Whom,41,pcs,2022-09-23T17:38:54
977,Certainly,Direction,19,kg,2022-09-07T20:12:58
978,Marriage,Have,18,kg,2024-06-30T01:12:51
979,The,Building,21,m,2025-01-02T15:14:23
980,Important,Respond,26,m,2025-03-29T15:28:27
981,Education,Reduce,34,kg,2022-07-12T04:13:41
982,Rock,Yourself,13,kg,2022-06-12T02:23:49
983,Particularly,Grow,22,litre,2023-05-09T02:37:33
984,Government,Movement,6,litre,2022-03-28T22:01:46
985,Especially,Another,28,m,2020-11-04T14:26:51
986,Word,Model,13,m,2025-03-12T01:47:12
987,Fill,We,38,m,2023-02-01T18:11:34
988,Per,Discussion,2,m,2024-01-08T07:39:28
989,Event,Despite,48,litre,2023-01-03T14:31:20
990,Father,Question,30,kg,2021-04-22T12:13:22
991,Meeting,Main,31,litre,2024-08-16T14:29:29
992,Eight,Available,10,pcs,2023-07-09T03:04:24
993,Within,Green,40,kg,2023-03-26T23:27:57
994,Change,Production,32,litre,2025-07-25T11:19:46
995,Office,Entire,48,pcs,2024-03-14T08:59:09
996,Matter,Second,20,pcs,2021-03-04T03:23:32
997,Send,What,2,m,2025-03-16T03:10:24
998,Bar,Half,25,m,2021-05-08T01:19:53
999,Finally,Challenge,4,litre,2023-10-09T03:51:49
1000,Media,Rock,39,pcs,2021-03-14T15:39:21
1001,Financial,Party,31,kg,2023-12-27T16:19:33
1002,Tell,Them,28,pcs,2021-12-26T07:49:12
1003,Education,Under,33,m,2023-04-04T23:06:37
1004,Building,New,29,m,2021-07-20T20:44:40
1005,Understand,Which,10,m,2021-03-23T12:31:21
1006,Mrs,Seek,24,kg,2024-05-09T22:27:16
1007,Word,About,8,litre,2024-05-05T00:29:14
1008,Draw,Opportunity,19,kg,2023-08-03T01:14:06
1009,Several,Section,42,pcs,2025-09-18T05:18:54
1010,On,Smile,45,pcs,2022-12-15T10:07:01
1011,Serious,Without,8,pcs,2022-10-05T07:09:44
1012,Save,List,34,kg,2021-03-22T23:36:15
1013,Public,Send,50,m,2024-03-18T16:39:53
1014,Girl,Agent,17,m,2025-03-15T12:53:01
1015,Still,Congress,9,pcs,2024-03-05T12:35:41
1016,Across,Low,47,pcs,2023-07-18T21:36:15
1017,Bed,Financial,42,kg,2022-08-24T10:52:21
1018,Information,Data,8,m,2024-06-02T04:47:49
1019,Form,Despite,37,m,2024-08-17T09:26:44
1020,Look,Return,28,kg,2025-06-22T22:09:47
1021,Majority,Central,13,kg,2025-09-29T05:27:46
1022,Live,Score,36,pcs,2024-08-18T06:16:51
1023,Scene,Republican,49,litre,2024-10-16T02:23:57
1024,Hospital,Within,37,m,2025-09-13T12:58:12
1025,Just,Game,10,litre,2020-12-30T13:51:30
1026,Himself,Matter,27,pcs,2024-02-06T20:12:47
1027,Pick,Some,7,litre,2021-09-01T11:38:54
1028,Usually,We,30,pcs,2022-10-06T23:37:15
1029,Yes,Town,25,pcs,2024-01-19T10:55:45
1030,Recent,Real,45,m,2024-12-19T20:26:42
1031,Trip,Top,15,kg,2022-01-23T13:20:38
1032,Meet,Fire,30,pcs,2024-01-29T06:50:03
1033,So,Final,44,pcs,2023-02-14T06:41:40
1034,Design,Radio,39,kg,2023-06-15T09:48:32
1035,Should,Picture,25,kg,2023-12-22T20:59:30
1036,Field,Behavior,39,litre,2020-12-20T16:35:07
1037,Important,Me,48,m,2023-04-23T15:46:25
1038,Baby,Wrong,5,m,2021-03-11T01:29:48
1039,Arrive,Group,41,kg,2023-12-17T04:00:31
1040,This,Rise,27,m,2021-10-25T01:26:30
1041,First,Least,28,kg,2023-12-18T19:21:00
1042,Chair,Wide,37,litre,2022-05-22T07:41:23
1043,Street,Together,46,pcs,2025-04-16T14:38:57
1044,Pick,Style,23,m,2021-04-17T04:15:49
1045,Several,Cause,46,m,2022-09-24T20:52:16
1046,Information,Section,12,pcs,2022-03-15T23:28:25
1047,Compare,International,38,pcs,2025-02-08T09:07:03
1048,Though,Past,38,kg,2024-02-01T04:39:34
1049,Anyone,Cell,26,litre,2024-08-14T21:42:30
1050,Box,Each,8,kg,2025-06-19T10:48:46
1051,Market,Police,21,m,2023-05-06T23:23:34
1052,Write,Thought,1,m,2022-09-09T18:36:32
1053,Air,Fact,32,litre,2025-08-02T01:37:20
1054,Chair,Hair,4,kg,2024-01-09T17:55:53
1055,Usually,Trade,48,pcs,2025-06-28T03:48:26
1056,Ready,Remember,29,kg,2021-08-17T22:44:26
1057,Home,Worker,22,m,2024-03-18T08:30:11
1058,Wind,Ago,27,pcs,2025-09-27T21:00:05
1059,Past,Century,1,litre,2023-07-24T06:23:37
1060,Training,Who,38,litre,2022-09-01T22:34:48
1061,Often,Body,46,m,2023-08-29T19:07:58
1062,Writer,Partner,4,litre,2021-02-22T04:19:36
1063,Usually,Clear,28,m,2020-12-02T21:35:58
1064,Reduce,Speech,49,litre,2021-02-04T20:50:28
1065,Answer,Seven,18,m,2023-03-16T22:07:20
1066,Understand,Five,49,kg,2022-03-05T00:56:16
1067,Line,Others,21,m,2025-05-27T16:32:26
1068,Practice,Data,37,kg,2023-04-16T00:13:25
1069,Enjoy,Own,16,m,2021-10-13T11:44:41
1070,Sometimes,Probably,35,litre,2022-11-27T01:37:46
1071,Movie,Stock,37,m,2025-02-02T07:31:08
1072,Crime,Hospital,20,litre,2025-06-21T13:10:35
1073,Speech,Culture,35,pcs,2022-04-25T20:35:55
1074,Most,Health,1,kg,2022-10-12T23:32:39
1075,Simply,About,12,pcs,2022-01-08T05:58:47
1076,Onto,Ok,43,litre,2025-02-21T04:08:04
1077,National,From,28,m,2024-08-05T06:01:10
1078,Improve,They,25,m,2023-07-04T05:09:05
1079,Maybe,Military,13,pcs,2023-09-29T01:42:18
1080,Effort,Majority,46,litre,2022-05-12T06:06:48
1081,My,Interesting,43,m,2025-04-19T01:08:14
1082,Picture,Enjoy,45,m,2025-04-17T02:25:00
1083,Policy,Deep,37,litre,2024-07-29T06:21:19
1084,Everything,Hope,9,litre,2023-02-03T13:15:30
1085,Home,Week,17,kg,2021-06-11T11:32:34
1086,President,Professor,14,kg,2021-09-16T02:35:46
1087,Provide,Cell,20,pcs,2025-06-18T07:38:48
1088,Hour,My,10,kg,2024-11-03T14:00:37
1089,Chance,Talk,19,kg,2024-02-25T10:25:22
1090,Why,Arrive,41,litre,2024-04-17T05:51:50
1091,Number,Family,2,kg,2025-09-13T18:18:29
1092,Left,Series,30,m,2022-05-03T12:22:15
1093,Take,Network,12,litre,2022-06-14T16:44:23
1094,Must,Send,40,litre,2025-09-10T09:23:50
1095,Instead,Member,33,m,2022-02-18T03:42:01
1096,Prove,Policy,31,m,2025-06-11T06:06:26
1097,Experience,Note,15,pcs,2022-12-19T03:21:38
1098,Almost,Local,25,pcs,2021-02-27T22:36:23
1099,Strategy,West,13,m,2021-10-17T06:38:19
1100,Whether,Official,25,kg,2021-04-15T18:04:17
1101,Stuff,Gun,16,kg,2023-04-13T00:01:09
1102,Service,Half,31,litre,2020-12-30T06:31:50
1103,Visit,Month,26,pcs,2024-02-01T02:06:23
1104,Miss,Learn,25,kg,2021-06-27T13:07:30
1105,Paper,Yet,40,m,2022-10-05T14:08:05
1106,Too,Catch,34,pcs,2021-01-27T04:22:33
1107,Involve,Five,8,litre,2024-09-12T23:07:06
1108,Daughter,See,10,kg,2025-04-22T11:45:25
1109,Put,Officer,22,pcs,2022-03-26T04:18:26
1110,Learn,Eye,12,m,2024-10-13T08:56:24
1111,View,Kind,31,m,2022-06-24T06:01:06
1112,Kind,Big,34,pcs,2023-05-09T15:52:32
1113,Air,Art,23,kg,2024-02-20T22:12:27
1114,Guess,Win,12,m,2021-09-21T00:47:11
1115,Itself,Professor,28,pcs,2025-10-14T06:38:47
1116,Executive,Bit,41,litre,2024-09-15T14:46:02
1117,At,Exist,15,pcs,2021-09-11T10:26:16
1118,Back,Computer,41,pcs,2022-09-28T09:15:45
1119,International,Friend,34,m,2021-03-26T12:39:55
1120,White,Guess,23,m,2022-11-06T06:22:22
1121,Year,Go,12,pcs,2023-05-07T01:20:50
1122,Total,Theory,50,litre,2024-05-05T05:30:16
1123,Result,Easy,1,kg,2022-01-02T00:46:22
1124,Effort,Finally,40,litre,2021-02-28T14:45:49
1125,Eye,Economic,4,pcs,2025-06-26T01:27:34
1126,Join,View,46,litre,2021-09-08T20:24:44
1127,Race,Somebody,36,m,2022-03-03T22:26:41
1128,Military,Not,37,kg,2025-03-16T21:02:18
1129,World,Head,22,pcs,2021-12-29T06:33:31
1130,Actually,Thing,26,pcs,2022-01-09T12:09:48
1131,Receive,Gas,32,litre,2021-07-27T09:10:04
1132,Mr,Late,12,kg,2023-04-15T11:20:39
1133,Building,Find,33,kg,2025-01-30T16:51:46
1134,The,Culture,3,litre,2021-08-30T11:49:19
1135,Box,Organization,23,pcs,2021-08-10T01:53:58
1136,Magazine,Here,8,kg,2023-03-07T03:42:44
1137,Start,Force,20,litre,2021-11-17T19:02:38
1138,Even,At,22,litre,2022-07-30T18:49:38
1139,But,Whom,38,litre,2025-10-01T03:19:25
1140,Lot,Kitchen,46,pcs,2025-01-25T13:17:11
1141,Miss,Follow,1,kg,2025-10-08T16:26:35
1142,Eye,Something,12,pcs,2024-01-15T09:13:29
1143,Mother,Near,9,kg,2024-01-17T23:09:16
1144,Movement,Republican,17,pcs,2021-06-08T15:56:56
1145,Instead,More,7,litre,2024-10-09T04:49:57
1146,Listen,Degree,15,kg,2022-11-28T09:39:14
1147,Hope,Prove,36,pcs,2023-08-07T23:14:44
1148,Simply,Seek,21,m,2024-01-29T03:10:45
1149,Natural,Smile,49,m,2021-05-08T08:09:50
1150,Public,Star,14,pcs,2023-03-27T19:13:26
1151,Foreign,Author,10,m,2025-05-02T08:16:20
1152,Look,Kid,41,litre,2023-06-23T20:48:53
1153,Natural,With,32,m,2021-04-13T01:58:46
1154,Maintain,Question,1,pcs,2025-10-19T06:11:25
1155,Will,Themselves,40,m,2024-01-02T21:32:40
1156,Federal,Full,1,m,2024-11-20T22:19:55
1157,Use,Let,16,litre,2024-08-18T06:20:38
1158,Large,Because,36,pcs,2025-01-12T16:14:08
1159,Federal,Difficult,19,pcs,2024-03-17T14:57:57
1160,Spring,Memory,8,m,2021-01-08T05:24:17
1161,Generation,Forward,34,litre,2023-06-01T12:04:11
1162,Brother,Ever,46,kg,2021-08-14T06:23:31
1163,Gun,Allow,27,pcs,2024-05-17T02:20:08
1164,Money,Our,27,kg,2025-03-24T06:32:59
1165,Design,American,17,pcs,2021-07-28T05:38:31
1166,Teach,Authority,24,pcs,2023-05-25T13:45:20
1167,Radio,Cover,13,pcs,2022-07-19T03:46:19
1168,Production,Effort,3,m,2023-10-03T16:43:35
1169,Less,Simply,30,kg,2025-02-11T03:34:37
1170,Apply,Capital,15,m,2022-05-21T16:26:28
1171,Happy,Process,14,kg,2021-10-05T10:15:04
1172,Scene,Rule,29,pcs,2024-02-02T21:24:08
1173,Per,Build,33,kg,2022-11-08T10:20:26
1174,Often,Probably,15,kg,2021-04-24T11:14:47
1175,Sister,Leader,8,litre,2021-08-01T16:22:36
1176,Scientist,Up,32,pcs,2023-01-08T23:28:05
1177,Spring,Standard,27,kg,2025-03-10T16:55:23
1178,Probably,Might,39,litre,2022-11-23T22:12:31
1179,Make,Director,48,pcs,2024-03-12T03:45:32
1180,Though,During,43,litre,2023-06-01T09:09:58
1181,In,This,50,m,2022-03-17T17:43:32
1182,Process,Nearly,20,pcs,2021-02-22T18:33:21
1183,Receive,Dog,19,m,2021-11-10T16:43:07
1184,Identify,Provide,9,kg,2023-01-03T22:45:51
1185,Southern,Fall,15,m,2022-04-27T08:03:42
1186,Health,Set,10,pcs,2021-07-29T19:57:58
1187,Blue,Degree,21,litre,2022-07-14T23:22:01
1188,Behind,Key,4,kg,2022-03-28T07:18:37
1189,However,Difficult,14,kg,2022-02-17T13:49:45
1190,Middle,Pattern,20,litre,2020-11-05T05:00:03
1191,Economy,Dinner,20,litre,2020-11-11T16:21:19
1192,Send,Reality,34,litre,2023-06-08T16:39:42
1193,Body,Apply,37,kg,2024-12-30T16:13:39
1194,Tend,Here,32,pcs,2023-05-31T03:27:02
1195,Month,Skill,36,m,2021-10-12T08:01:47
1196,Opportunity,Yes,23,pcs,2021-05-18T01:15:55
1197,Professional,Land,15,litre,2023-03-06T23:32:55
1198,Cut,Mean,4,kg,2025-09-02T22:06:22
1199,Most,Third,45,m,2024-03-04T05:00:48
1200,Significant,Method,46,litre,2021-04-07T04:45:40
1201,Popular,Including,39,litre,2021-07-21T17:00:56
1202,As,Sign,35,pcs,2024-01-21T19:00:24
1203,How,Election,36,litre,2023-11-01T15:41:20
1204,Us,Provide,33,m,2022-11-25T02:15:04
1205,Everyone,Site,7,litre,2024-09-25T19:14:19
1206,Our,Personal,33,litre,2024-03-02T00:57:29
1207,Customer,Onto,31,kg,2021-05-15T09:53:24
1208,Price,Scene,40,kg,2021-04-26T16:11:12
1209,Third,Everyone,28,kg,2020-12-30T07:08:51
1210,And,Agreement,37,m,2024-10-06T23:23:24
1211,Church,Hundred,48,m,2025-01-14T15:13:56
1212,Collection,Play,32,kg,2023-07-29T11:55:16
1213,Into,Past,2,kg,2021-04-28T00:21:14
1214,Goal,For,4,kg,2023-06-02T19:49:17
1215,By,Teach,21,kg,2024-03-14T03:36:17
1216,Very,Moment,8,pcs,2024-11-24T15:41:19
1217,Buy,Discover,20,pcs,2025-10-06T09:10:20
1218,Focus,International,8,m,2024-12-04T22:49:52
1219,Try,Capital,27,pcs,2022-03-21T05:19:23
1220,Example,Including,16,kg,2025-02-17T09:03:38
1221,Specific,Down,16,pcs,2020-11-22T07:37:30
1222,Experience,Create,14,litre,2022-01-03T17:42:01
1223,House,Past,13,m,2021-11-04T11:50:46
1224,The,Congress,37,kg,2021-09-27T21:35:16
1225,Ready,Also,14,m,2024-01-09T17:41:19
1226,Than,Rule,45,kg,2025-06-11T08:20:13
1227,Door,Century,48,m,2022-10-31T09:19:51
1228,Specific,Amount,39,kg,2024-10-24T04:11:03
1229,Education,Understand,32,pcs,2025-04-01T05:00:15
1230,Worry,Too,3,m,2022-02-16T18:59:17
1231,Continue,Just,7,litre,2024-12-15T21:00:41
1232,Live,Rate,26,kg,2021-03-19T11:47:35
1233,Such,White,36,m,2022-12-26T04:56:10
1234,Ball,Hear,45,pcs,2022-03-12T23:21:20
1235,Between,Send,1,kg,2024-01-29T21:49:14
1236,No,Myself,42,pcs,2025-07-08T00:39:20
1237,Agency,Stop,5,litre,2023-09-10T01:18:48
1238,Still,Fill,18,pcs,2025-09-29T15:45:08
1239,Government,Theory,48,m,2023-04-07T01:39:36
1240,Black,Require,2,kg,2025-05-22T06:58:19
1241,Any,Crime,40,litre,2021-04-18T14:16:50
1242,Main,Degree,49,litre,2023-11-08T18:12:49
1243,Stage,Perhaps,9,pcs,2024-03-04T10:15:17
1244,Memory,When,8,pcs,2023-04-01T08:39:46
1245,Available,Believe,28,pcs,2023-08-08T02:50:43
1246,Environment,Your,18,kg,2023-02-09T13:04:00
1247,Yes,Ahead,33,pcs,2022-10-17T20:03:01
1248,Majority,Skin,7,m,2021-11-13T14:13:22
1249,Behind,Station,42,kg,2025-06-02T01:24:20
1250,Second,Health,5,pcs,2025-03-01T23:53:22
1251,Why,Measure,11,pcs,2021-07-08T16:46:21
1252,Grow,Whose,25,kg,2025-03-12T05:35:42
1253,Former,Human,17,m,2021-07-12T22:22:33
1254,Everybody,Know,5,m,2023-10-13T16:38:48
1255,Still,Hour,49,pcs,2025-10-26T12:53:32
1256,Even,Say,5,litre,2024-05-25T17:45:17
1257,Western,Off,50,litre,2021-04-13T20:30:51
1258,Home,Business,47,m,2021-07-24T12:13:10
1259,Certainly,Sister,43,pcs,2022-06-22T16:58:27
1260,Strong,Score,22,pcs,2020-12-05T16:46:34
1261,Party,Stop,39,m,2021-11-25T08:03:14
1262,Air,Fall,32,m,2021-05-06T06:15:18
1263,Product,Interview,25,pcs,2021-11-18T10:34:45
1264,Red,Born,5,kg,2022-03-24T15:23:54
1265,Organization,Small,17,kg,2023-02-19T18:02:31
1266,Me,Interesting,5,m,2022-10-01T20:20:28
1267,Threat,Agreement,15,kg,2022-08-19T13:38:17
1268,Citizen,Wait,39,kg,2025-05-02T18:40:08
1269,After,Federal,7,m,2023-08-09T01:09:45
1270,Lawyer,Beyond,38,kg,2023-09-10T20:53:43
1271,Like,Billion,39,kg,2020-11-06T02:50:18
1272,Across,First,48,kg,2023-01-05T17:51:15
1273,Side,Detail,50,kg,2023-05-31T05:28:59
1274,Early,Management,14,m,2022-06-23T22:20:01
1275,Town,View,46,litre,2025-08-07T17:16:18
1276,Recognize,Before,16,m,2023-12-09T13:04:00
1277,Nice,Analysis,46,litre,2021-07-23T08:39:36
1278,Beat,General,11,litre,2021-11-19T22:16:34
1279,Beyond,Perform,11,m,2023-08-23T04:41:46
1280,Paper,News,29,pcs,2022-09-27T21:54:00
1281,American,What,39,kg,2024-12-28T14:05:37
1282,Own,Ago,37,pcs,2021-03-02T10:42:54
1283,Radio,Effort,27,m,2025-04-18T07:44:28
1284,Four,They,11,litre,2023-05-22T04:44:23
1285,Listen,Thus,44,litre,2025-09-14T16:26:02
1286,Evening,Power,48,kg,2025-10-08T20:07:09
1287,Scientist,Head,1,litre,2024-05-04T17:32:58
1288,Scientist,Deal,45,kg,2023-12-06T18:42:38
1289,Hair,Offer,44,m,2022-10-16T16:16:16
1290,Western,Environment,1,kg,2021-05-23T19:56:58
1291,Trade,Keep,26,m,2025-04-01T17:32:06
1292,Seat,Fall,34,pcs,2024-11-13T23:29:22
1293,Inside,Far,1,kg,2024-04-30T20:49:24
1294,Break,Technology,43,m,2024-05-30T16:36:44
1295,Product,Catch,43,m,2021-10-23T23:36:29
1296,Make,Night,1,litre,2024-03-19T00:02:17
1297,Case,Political,46,m,2024-10-25T01:27:39
1298,Machine,Practice,48,litre,2024-08-29T03:57:20
1299,Happy,Firm,43,litre,2025-01-05T17:01:31
1300,Business,Possible,28,m,2024-10-15T18:17:53
1301,Product,Society,5,litre,2021-06-23T15:43:09
1302,Myself,Easy,10,litre,2024-10-12T09:07:06
1303,General,Thank,48,litre,2021-12-20T23:29:36
1304,Forward,Animal,46,m,2025-08-10T00:28:31
1305,Forget,Born,49,kg,2022-01-18T10:54:08
1306,Ball,Two,11,pcs,2024-12-24T23:44:01
1307,Commercial,Also,9,kg,2021-12-04T09:00:02
1308,Break,Instead,41,litre,2022-12-22T12:22:28
1309,Pm,Politics,21,m,2022-08-01T05:46:03
1310,Cell,Pick,28,m,2025-02-06T04:22:55
1311,Reduce,Argue,17,pcs,2021-02-08T12:48:03
1312,Left,Provide,17,kg,2024-10-31T16:45:17
1313,Can,Leg,1,pcs,2021-10-02T10:45:10
1314,Individual,Heart,5,m,2023-02-18T17:20:03
1315,Investment,Quality,40,pcs,2025-02-06T14:21:58
1316,Across,Police,14,kg,2022-12-21T09:45:24
1317,Indicate,Sign,17,pcs,2024-03-04T21:42:24
1318,Each,Difference,16,pcs,2021-05-29T03:50:10
1319,Front,Improve,38,kg,2024-02-02T17:50:28
1320,Responsibility,Appear,9,kg,2020-12-24T11:37:50
1321,Simple,Interview,20,kg,2024-05-21T17:43:47
1322,Tough,Budget,25,m,2022-02-21T21:47:09
1323,Wonder,Material,20,m,2022-10-16T11:12:12
1324,Exist,Hear,25,litre,2025-09-08T22:45:59
1325,Air,Power,13,pcs,2023-12-25T11:15:22
1326,Hard,Listen,38,pcs,2023-12-11T00:00:49
1327,Her,Team,25,litre,2023-04-02T13:17:15
1328,Choose,Design,37,m,2024-03-27T12:36:40
1329,International,Condition,36,pcs,2024-06-25T17:41:45
1330,American,Subject,48,m,2023-10-11T15:58:33
1331,Economic,Various,50,m,2021-09-30T14:33:21
1332,Long,Peace,2,litre,2024-11-01T20:07:47
1333,Price,Believe,27,m,2022-06-25T08:52:45
1334,Imagine,Two,20,litre,2021-10-07T06:27:42
1335,Professional,Yes,24,pcs,2023-03-09T16:37:26
1336,Study,Once,22,litre,2023-01-05T22:00:18
1337,Friend,Minute,7,litre,2024-01-02T02:23:41
1338,Car,Song,43,kg,2021-08-30T06:35:10
1339,Position,Support,45,kg,2021-10-19T15:39:51
1340,Soldier,Degree,4,pcs,2024-04-29T21:04:38
1341,One,Our,9,kg,2024-04-13T02:44:57
1342,Note,Different,18,kg,2022-04-19T18:17:29
1343,Can,Cover,35,m,2023-02-06T13:45:06
1344,Director,News,19,m,2025-09-28T08:10:21
1345,Hair,Home,21,pcs,2025-06-05T17:07:15
1346,Anyone,Morning,31,m,2022-11-21T16:08:47
1347,Huge,Few,42,kg,2022-04-10T09:39:34
1348,Point,Theory,40,kg,2022-01-13T12:17:56
1349,Exactly,Response,35,pcs,2024-07-22T18:39:53
1350,May,You,13,litre,2025-04-12T09:26:12
1351,Rise,Call,38,m,2021-05-17T02:21:21
1352,Nice,Choice,18,pcs,2025-09-23T16:29:23
1353,Good,Seem,4,pcs,2024-01-11T09:13:35
1354,Other,Yard,5,pcs,2024-02-06T10:58:26
1355,Discuss,Light,22,litre,2021-08-01T00:40:21
1356,Space,Assume,34,litre,2024-01-06T06:58:28
1357,Have,Offer,31,pcs,2023-09-17T07:11:52
1358,Spend,Then,15,litre,2024-05-19T15:54:29
1359,Data,Stock,17,litre,2022-11-26T17:08:43
1360,Young,Hope,20,m,2022-06-01T05:00:28
1361,Group,Indicate,9,kg,2024-07-24T21:24:00
1362,Evening,Congress,8,litre,2024-10-16T01:41:14
1363,A,Everyone,38,litre,2022-10-05T22:40:29
1364,Mention,Page,44,kg,2025-04-20T00:16:42
1365,Near,Cause,45,litre,2022-12-24T19:58:51
1366,Employee,Office,37,litre,2022-11-01T20:25:05
1367,Product,Be,38,litre,2023-11-16T23:56:02
1368,High,Cup,38,kg,2024-09-05T02:35:30
1369,Item,Pattern,19,m,2025-04-04T03:22:38
1370,Adult,Name,40,litre,2023-06-21T16:30:24
1371,Subject,Nor,13,m,2023-11-18T11:42:13
1372,Assume,Power,31,kg,2023-12-18T08:46:01
1373,Hot,My,9,kg,2021-06-24T09:47:10
1374,Leader,Hotel,47,pcs,2025-04-24T07:45:14
1375,Arm,Hotel,21,kg,2024-01-19T22:37:19
1376,Against,Better,50,litre,2025-10-07T21:04:52
1377,Political,Few,3,m,2022-01-12T15:08:58
1378,Successful,Near,45,litre,2021-07-08T20:00:13
1379,Manage,Energy,38,m,2021-12-27T12:28:17
1380,Those,Land,36,pcs,2024-10-04T07:53:24
1381,Ahead,Resource,21,litre,2025-01-19T05:18:39
1382,Dinner,Pay,21,pcs,2023-05-09T18:40:34
1383,However,Shake,2,pcs,2023-05-19T21:33:16
1384,Occur,Test,5,m,2021-02-14T11:59:40
1385,Miss,Consumer,20,m,2023-01-10T12:39:55
1386,Career,Property,30,m,2023-01-29T03:05:06
1387,Pass,Next,5,kg,2025-06-01T19:31:44
1388,Song,Any,17,m,2021-09-20T20:29:29
1389,Friend,Doctor,32,kg,2024-09-23T20:22:37
1390,Clear,Mrs,31,m,2025-05-23T04:27:41
1391,Who,Get,33,pcs,2025-01-07T08:57:37
1392,Staff,Relate,46,pcs,2022-08-05T12:55:16
1393,Community,Today,10,pcs,2024-08-05T17:54:27
1394,Federal,Member,44,kg,2024-03-17T10:38:40
1395,Show,Report,11,litre,2023-01-15T10:32:47
1396,Agreement,Administration,42,pcs,2025-07-24T17:46:43
1397,Be,Conference,29,litre,2025-10-21T23:11:35
1398,Trial,Kitchen,46,pcs,2023-03-16T17:48:42
1399,People,Party,31,kg,2024-07-21T17:11:55
1400,Test,Little,10,kg,2023-02-03T11:47:07
1401,Be,If,24,pcs,2021-03-24T02:44:36
1402,Customer,Man,39,pcs,2024-04-09T02:17:15
1403,Large,Happen,24,m,2024-04-03T06:47:43
1404,Article,Throw,29,kg,2021-01-12T09:52:30
1405,Leave,Conference,11,kg,2022-01-03T15:48:19
1406,View,Throw,10,kg,2022-01-06T22:14:43
1407,Identify,Claim,16,kg,2022-10-03T01:25:17
1408,Charge,Yes,26,pcs,2024-11-30T12:39:20
1409,Result,Arrive,6,litre,2024-04-30T06:27:26
1410,Memory,Environmental,23,m,2024-01-16T02:20:02
1411,Have,Yourself,10,litre,2025-08-25T07:49:38
1412,List,Anyone,40,kg,2021-11-02T19:31:54
1413,Perhaps,Worry,11,pcs,2025-05-31T13:31:44
1414,This,Industry,40,pcs,2023-07-08T12:44:34
1415,Travel,Soon,9,m,2024-02-17T07:43:02
1416,Dream,Mrs,10,kg,2021-03-09T10:44:41
1417,Effect,Blue,20,kg,2022-02-27T18:37:07
1418,Describe,Key,42,pcs,2021-03-30T16:40:35
1419,Indeed,Identify,47,litre,2025-09-21T20:48:10
1420,Example,Begin,6,m,2024-08-28T08:46:04
1421,Bill,Manage,50,m,2023-02-16T07:20:26
1422,Special,Training,26,litre,2023-08-21T04:35:50
1423,Least,So,10,litre,2023-09-12T10:58:30
1424,Thousand,Name,33,m,2022-07-26T19:05:49
1425,Subject,Authority,31,kg,2025-06-10T02:41:32
1426,Long,Money,2,kg,2025-05-09T18:31:50
1427,Avoid,Lay,46,kg,2023-01-21T22:20:31
1428,Toward,Less,43,m,2022-02-17T19:19:22
1429,Later,Choice,36,m,2022-12-19T04:21:02
1430,Certain,General,31,litre,2023-01-31T09:41:25
1431,Difference,Area,6,m,2025-09-20T20:05:33
1432,Need,Blue,26,litre,2023-11-13T00:04:53
1433,Best,Style,15,kg,2023-01-17T20:46:21
1434,He,Ever,42,pcs,2021-09-26T02:06:12
1435,Huge,Camera,40,kg,2025-04-13T05:23:14
1436,Total,Year,8,kg,2022-03-06T16:51:52
1437,Usually,Health,48,litre,2025-07-15T20:45:17
1438,Data,Most,3,pcs,2021-05-28T23:14:30
1439,Science,Three,34,kg,2022-01-14T00:46:41
1440,Fact,Why,11,litre,2024-12-24T03:10:23
1441,Who,Treat,17,pcs,2024-09-10T11:32:32
1442,Sister,Less,13,pcs,2025-05-16T18:44:25
1443,Where,Run,28,m,2025-09-13T06:30:50
1444,Information,Tree,41,litre,2025-02-19T06:26:23
1445,One,Crime,18,kg,2025-01-30T18:48:05
1446,With,Energy,17,pcs,2024-04-27T11:47:29
1447,Too,Probably,35,pcs,2024-06-11T15:53:51
1448,Time,Effect,49,m,2024-12-01T14:42:16
1449,Book,Travel,41,litre,2025-05-20T10:48:57
1450,Long,Each,42,litre,2023-03-23T21:57:46
1451,Performance,Human,44,m,2024-02-24T17:02:25
1452,Real,Course,6,m,2024-11-01T07:49:40
1453,Although,Could,4,kg,2021-05-02T23:41:42
1454,Soon,Rule,7,litre,2025-07-17T17:48:38
1455,Budget,Drop,17,m,2022-03-31T03:25:15
1456,Hundred,Law,39,kg,2024-02-25T09:02:22
1457,Majority,Society,6,m,2024-07-20T13:12:57
1458,Pressure,View,8,m,2022-01-15T11:18:41
1459,Ground,Positive,6,litre,2022-05-01T21:12:51
1460,That,System,27,kg,2022-04-07T20:10:02
1461,Mean,Every,33,litre,2025-04-24T14:19:27
1462,Until,Color,6,pcs,2021-12-17T21:22:35
1463,Agency,Training,36,m,2025-06-16T17:37:58
1464,Address,North,20,pcs,2021-10-12T13:21:04
1465,Painting,Campaign,41,kg,2024-03-01T10:39:06
1466,Guy,Huge,4,kg,2023-08-31T02:49:20
1467,Grow,On,10,m,2021-10-19T04:26:26
1468,Kind,Consider,15,m,2021-08-21T23:42:52
1469,Deal,Factor,21,m,2022-10-17T08:49:31
1470,Power,Item,38,m,2024-02-12T18:05:01
1471,Near,Radio,13,litre,2023-02-12T09:25:56
1472,Focus,Market,12,pcs,2024-11-06T00:12:54
1473,Lot,Hot,50,m,2022-06-22T19:41:05
1474,Career,Treat,27,pcs,2022-09-15T16:40:18
1475,Most,Support,1,litre,2020-12-24T16:32:06
1476,Production,Challenge,46,m,2022-12-02T05:02:38
1477,Down,Himself,9,pcs,2025-08-23T22:17:23
1478,Change,Miss,39,kg,2022-03-04T09:43:55
1479,Reduce,Fire,10,m,2021-04-04T04:23:44
1480,Own,Sure,37,litre,2025-05-05T10:49:13
1481,Fish,Society,16,litre,2024-09-04T19:43:50
1482,What,Degree,30,pcs,2025-02-05T11:04:59
1483,Must,On,29,pcs,2021-05-03T18:00:17
1484,Happen,Maintain,3,litre,2021-06-27T10:15:35
1485,Character,Manage,46,pcs,2024-02-09T01:32:55
1486,Support,Number,7,pcs,2024-08-28T11:03:16
1487,Able,Knowledge,46,kg,2020-12-18T15:08:25
1488,Somebody,Level,41,pcs,2023-08-23T19:31:30
1489,Difficult,Suggest,15,kg,2021-07-10T19:02:21
1490,Option,Stage,11,kg,2025-10-07T06:35:13
1491,Fact,Yard,43,kg,2023-09-27T08:14:44
1492,Structure,Trial,16,m,2021-08-13T13:04:57
1493,Similar,Nation,46,m,2025-08-10T04:56:18
1494,Between,Result,15,kg,2023-02-07T09:47:06
1495,Tend,Hour,45,litre,2021-07-11T05:11:02
1496,Buy,Discuss,47,m,2022-07-18T15:55:48
1497,Stay,Nice,21,kg,2023-12-08T19:26:17
1498,So,School,28,m,2024-01-19T03:49:51
1499,Network,Federal,26,pcs,2024-10-07T09:28:05
1500,Another,Sea,9,litre,2024-04-09T04:23:11
1501,Partner,Paper,31,m,2021-09-08T04:39:18
1502,Professor,Congress,7,kg,2022-09-29T12:47:04
1503,Happen,Other,6,litre,2021-05-08T18:30:40
1504,Science,Plan,15,kg,2024-05-09T19:18:18
1505,Matter,Though,17,m,2020-12-29T06:10:19
1506,World,Business,38,litre,2023-08-14T20:45:53
1507,Hand,Either,12,kg,2023-12-09T08:08:51
1508,Memory,Toward,15,litre,2024-01-13T02:38:33
1509,Stage,Seek,10,m,2025-02-04T05:40:01
1510,Agree,Off,45,m,2021-01-21T14:32:38
1511,Explain,Executive,14,litre,2024-10-02T09:07:52
1512,Perform,Order,47,pcs,2025-01-30T22:38:43
1513,Live,Share,39,litre,2021-07-12T00:02:05
1514,Audience,Next,45,pcs,2024-04-14T13:51:25
1515,Head,Attack,30,kg,2023-04-13T09:57:16
1516,Break,Time,38,pcs,2024-09-06T10:21:14
1517,Event,Term,1,m,2020-12-17T16:26:04
1518,Far,Bill,7,m,2024-06-21T14:45:39
1519,Number,Morning,41,pcs,2025-03-30T11:37:57
1520,True,Miss,48,litre,2022-03-16T00:13:37
1521,Pressure,Opportunity,5,pcs,2022-08-13T09:40:00
1522,Democrat,Staff,34,pcs,2024-05-20T19:58:18
1523,Into,Hope,27,m,2022-09-09T02:18:13
1524,Usually,Natural,13,m,2020-11-24T22:57:50
1525,Heart,Mission,37,m,2024-03-10T00:15:09
1526,Walk,Past,47,pcs,2021-07-17T06:26:07
1527,Population,Physical,50,m,2025-04-19T08:54:40
1528,Executive,Somebody,42,kg,2023-12-20T23:10:11
1529,Rich,A,41,kg,2024-05-18T21:26:00
1530,Dinner,Moment,4,kg,2022-11-12T04:51:41
1531,Class,Trial,36,kg,2024-06-03T03:21:56
1532,Into,Speak,42,m,2023-12-20T10:34:24
1533,Price,Head,16,m,2024-08-22T10:55:56
1534,Across,Letter,10,m,2022-04-30T19:59:57
1535,Recently,Art,41,m,2025-05-02T12:52:43
1536,Else,Strong,1,pcs,2023-04-13T06:28:15
1537,Close,Popular,21,kg,2023-04-26T00:11:23
1538,Boy,Certain,46,pcs,2020-11-23T07:38:57
1539,Return,Customer,4,litre,2024-02-27T20:12:34
1540,Seek,Popular,17,litre,2023-12-15T01:21:27
1541,Amount,Indeed,8,m,2025-10-15T13:07:25
1542,Best,Whether,29,litre,2022-09-03T11:28:47
1543,Character,Other,38,kg,2025-05-26T22:18:27
1544,Here,Indeed,44,kg,2024-04-30T15:57:12
1545,Happy,Theory,18,litre,2024-01-16T01:54:10
1546,Pm,Public,46,litre,2024-07-12T12:25:18
1547,Establish,Week,45,m,2023-08-30T20:42:14
1548,A,Determine,39,kg,2025-10-09T13:52:24
1549,Reality,Individual,34,litre,2024-03-14T00:01:24
1550,How,Rich,13,litre,2021-03-01T22:21:08
1551,Central,Field,33,pcs,2025-02-27T18:36:49
1552,Environmental,Board,7,kg,2021-12-26T02:08:04
1553,Police,Hit,46,litre,2025-03-03T10:22:44
1554,Current,Already,25,kg,2024-04-28T22:22:26
1555,Itself,Apply,4,pcs,2023-01-20T23:05:04
1556,Talk,Their,21,m,2023-09-02T22:06:22
1557,Fast,Do,29,litre,2022-12-21T08:23:22
1558,Space,Stay,18,kg,2022-01-19T18:17:14
1559,Wrong,Close,48,m,2022-01-20T23:22:12
1560,Bit,Recent,40,m,2025-01-07T20:59:24
1561,Participant,No,20,kg,2025-02-04T04:19:40
1562,Model,Cover,48,kg,2021-02-20T23:48:14
1563,Difficult,Blue,35,pcs,2022-09-10T11:45:35
1564,Mrs,Find,33,kg,2020-12-02T06:29:42
1565,We,Significant,10,m,2024-03-11T02:48:35
1566,Money,Still,24,pcs,2025-07-26T21:02:11
1567,Fight,Rich,11,litre,2021-02-05T20:36:45
1568,Contain,Wind,26,pcs,2022-04-13T11:34:31
1569,Leave,Guess,31,kg,2021-08-24T19:13:02
1570,Him,Protect,29,kg,2025-03-05T16:41:21
1571,Institution,Table,39,litre,2023-08-28T13:01:13
1572,Conference,It,12,pcs,2025-09-26T22:59:01
1573,Their,Prevent,16,litre,2023-05-19T16:47:18
1574,Capital,Former,40,pcs,2025-08-02T05:06:56
1575,Rich,Could,36,litre,2024-02-12T05:22:50
1576,It,Blood,28,pcs,2024-12-03T01:03:38
1577,By,Author,11,kg,2023-05-12T01:09:19
1578,Artist,Purpose,38,litre,2025-06-10T22:20:23
1579,Environmental,Method,15,pcs,2021-02-03T18:05:13
1580,Man,Cut,27,m,2023-08-07T01:29:56
1581,One,How,4,pcs,2022-01-07T19:33:35
1582,Site,Order,46,kg,2025-10-29T03:49:14
1583,Call,Win,18,pcs,2021-12-19T08:46:44
1584,Ball,Standard,19,pcs,2022-08-15T11:42:04
1585,Run,Either,48,kg,2022-03-23T10:04:49
1586,Science,Marriage,20,pcs,2023-12-09T04:42:31
1587,Cultural,Dark,31,litre,2022-11-07T03:22:57
1588,Find,Cold,1,litre,2022-05-20T21:57:40
1589,Land,Particularly,8,kg,2023-09-05T05:38:55
1590,North,Report,32,litre,2024-02-06T01:46:41
1591,Sport,Seven,31,kg,2022-02-07T20:15:38
1592,Serious,Reality,34,litre,2022-09-19T22:28:45
1593,Wife,Work,20,pcs,2024-09-01T15:04:48
1594,Religious,Nation,17,litre,2025-05-02T04:54:11
1595,Congress,Serious,2,m,2023-09-10T05:53:20
1596,Shoulder,Them,10,pcs,2025-06-14T23:51:52
1597,Address,Last,43,litre,2023-03-18T03:48:10
1598,Senior,From,26,m,2021-08-25T06:40:26
1599,Political,News,32,litre,2021-12-24T04:56:32
1600,Environment,Whatever,13,m,2025-03-21T10:02:29
1601,Difficult,Off,45,m,2022-07-23T18:04:12
1602,Effort,Customer,16,pcs,2021-11-28T00:23:32
1603,Piece,List,45,pcs,2023-10-23T01:33:57
1604,Join,Difficult,10,kg,2023-05-23T04:27:09
1605,Civil,Special,25,m,2022-01-08T10:07:38
1606,Win,Police,8,m,2025-09-10T18:17:09
1607,College,Over,16,m,2022-05-16T07:20:51
1608,Use,Sense,17,kg,2024-01-24T11:56:55
1609,Scientist,Response,8,litre,2024-03-04T06:49:13
1610,Interest,Every,1,m,2024-09-13T18:03:21
1611,Start,Police,49,pcs,2024-09-16T22:10:12
1612,Remember,So,40,kg,2025-09-27T21:53:19
1613,Six,Particular,10,pcs,2025-10-18T18:19:31
1614,Serious,Record,49,litre,2023-11-14T11:32:38
1615,Expect,Without,9,m,2021-01-12T03:54:16
1616,Tough,Purpose,40,kg,2025-02-25T05:03:15
1617,Pick,Remain,12,kg,2025-05-27T07:58:10
1618,Middle,Building,18,pcs,2021-08-07T22:20:26
1619,Grow,He,46,m,2023-03-31T10:48:57
1620,Lot,Doctor,41,pcs,2024-08-21T21:59:24
1621,Great,Interview,42,litre,2024-12-22T11:32:48
1622,Again,Listen,19,kg,2022-09-19T04:01:41
1623,Agency,Kind,34,kg,2022-04-07T03:08:33
1624,Fly,Professor,17,pcs,2025-07-02T19:57:13
1625,Manager,Recent,27,kg,2023-11-18T14:14:49
1626,Simply,Girl,16,kg,2021-03-03T08:33:25
1627,Rise,Make,21,kg,2022-08-26T01:46:08
1628,Miss,Student,33,litre,2021-08-11T22:40:07
1629,Determine,North,18,m,2025-02-08T01:40:51
1630,Effort,Value,2,kg,2023-08-09T04:08:38
1631,Assume,Health,37,pcs,2024-08-20T20:28:36
1632,Understand,Evening,13,kg,2024-04-16T21:43:23
1633,Seem,Method,9,kg,2022-03-14T14:34:58
1634,Country,Official,31,litre,2021-09-30T09:57:57
1635,Suggest,Relationship,2,kg,2021-08-17T21:36:57
1636,On,General,38,kg,2022-04-27T17:01:38
1637,The,Hotel,8,pcs,2020-12-10T20:55:41
1638,Report,Choice,27,m,2024-08-09T13:24:47
1639,Make,Audience,33,pcs,2024-09-16T06:51:22
1640,International,Second,25,m,2023-12-13T15:22:49
1641,Understand,Range,14,m,2023-02-15T13:30:44
1642,Smile,Character,22,pcs,2021-08-08T18:29:18
1643,Begin,Treatment,9,litre,2023-02-15T08:56:31
1644,Member,Plant,26,kg,2023-07-07T16:58:01
1645,Meet,Style,8,pcs,2021-05-21T20:05:04
1646,Reveal,Report,21,kg,2021-08-23T21:53:25
1647,Audience,Never,1,litre,2025-09-04T14:46:45
1648,Property,Design,26,pcs,2024-04-12T05:17:08
1649,Operation,Collection,43,m,2021-02-12T04:51:26
1650,Though,Eat,25,kg,2022-03-29T21:08:29
1651,Quite,Under,21,pcs,2025-10-11T10:09:52
1652,Certain,Move,32,litre,2021-04-16T02:52:48
1653,Visit,Behavior,15,pcs,2022-06-28T02:43:53
1654,Mind,Political,36,m,2025-02-12T12:57:29
1655,War,Last,40,kg,2024-08-24T22:22:27
1656,Enter,Ground,30,litre,2023-08-09T07:01:05
1657,Public,Record,24,kg,2021-12-12T06:29:26
1658,Should,Choice,14,m,2021-07-13T05:49:34
1659,Develop,Process,39,m,2022-08-01T00:29:45
1660,Key,So,41,pcs,2022-11-04T07:37:27
1661,Magazine,Consumer,37,m,2022-04-06T08:39:16
1662,Woman,Investment,42,kg,2024-07-01T18:24:16
1663,Clearly,Any,13,kg,2023-09-16T02:13:30
1664,Sing,Energy,42,m,2023-05-31T18:35:51
1665,Blood,Military,44,kg,2023-04-29T07:56:08
1666,Couple,Mouth,13,m,2022-06-11T17:49:26
1667,Blood,Difficult,2,litre,2024-04-03T12:51:07
1668,High,Around,37,m,2022-10-11T07:54:02
1669,Edge,While,20,kg,2021-01-30T16:00:10
1670,Moment,Air,14,pcs,2021-10-22T15:59:33
1671,National,Maintain,11,m,2021-11-24T16:27:13
1672,Point,List,18,litre,2021-10-23T08:27:29
1673,Kind,Seat,48,pcs,2023-05-20T13:42:46
1674,Very,There,43,kg,2024-01-18T15:02:59
1675,Reality,Plan,31,pcs,2025-09-04T06:28:41
1676,Control,Dark,26,litre,2024-03-10T20:50:14
1677,Interesting,Skill,17,m,2022-04-13T07:21:39
1678,Test,Matter,36,m,2024-09-22T10:30:19
1679,Story,Imagine,42,litre,2023-09-06T01:51:35
1680,Push,Member,31,litre,2024-03-19T10:41:16
1681,Yet,Season,33,kg,2023-06-19T22:01:50
1682,From,Brother,26,m,2024-01-03T15:44:07
1683,Again,Standard,46,m,2024-12-27T18:56:56
1684,Arm,Ask,8,kg,2021-02-14T19:40:57
1685,Benefit,Face,31,pcs,2023-06-11T10:09:11
1686,Seven,Rich,48,pcs,2020-12-22T21:25:44
1687,Medical,Now,7,kg,2025-04-06T02:38:24
1688,Family,Establish,27,pcs,2024-10-29T19:10:37
1689,Response,Effort,26,kg,2024-10-28T20:40:02
1690,Become,More,47,litre,2023-08-19T18:33:33
1691,Shake,Light,1,m,2025-06-24T05:02:51
1692,Bed,Wind,22,m,2022-12-04T19:27:35
1693,Student,Security,23,litre,2023-04-14T12:20:56
1694,Western,Leader,46,m,2021-10-04T08:30:04
1695,Partner,Economy,7,m,2021-06-27T20:46:11
1696,Also,Father,18,pcs,2024-03-31T09:57:51
1697,Wrong,Born,18,kg,2023-05-21T10:52:17
1698,Wrong,Particular,15,litre,2023-05-23T18:22:17
1699,Would,Edge,5,m,2023-12-29T22:55:19
1700,Mission,Training,21,pcs,2023-10-08T09:46:48
1701,Care,Organization,39,m,2024-10-03T05:00:25
1702,Season,Standard,8,kg,2022-11-03T06:35:52
1703,Message,Account,41,kg,2022-05-21T21:19:10
1704,Wear,Same,10,m,2022-06-29T17:28:48
1705,Address,Black,50,pcs,2025-07-01T15:19:55
1706,Feel,Pull,18,pcs,2021-04-11T03:23:10
1707,Represent,Talk,6,pcs,2024-01-19T16:01:29
1708,Always,Daughter,7,pcs,2024-10-27T06:59:59
1709,Material,Together,37,pcs,2024-04-04T12:57:11
1710,Fact,Nature,23,pcs,2024-01-03T08:47:48
1711,Watch,Great,43,m,2024-07-14T12:34:05
1712,Box,Call,47,m,2023-03-21T07:41:11
1713,Group,Discuss,47,kg,2020-11-05T22:41:25
1714,Walk,Good,43,pcs,2025-09-22T15:54:29
1715,Once,Campaign,27,m,2023-05-14T22:34:08
1716,Population,Catch,21,pcs,2023-04-07T15:25:45
1717,Free,Director,42,pcs,2024-12-04T07:32:43
1718,Where,Film,3,litre,2022-12-20T10:44:21
1719,Gun,Leader,45,kg,2023-11-11T05:44:25
1720,Activity,Matter,22,m,2024-01-14T16:03:16
1721,Least,Herself,7,litre,2023-05-13T05:34:52
1722,Discussion,Reduce,10,litre,2021-09-15T11:55:56
1723,To,Large,13,m,2023-07-25T00:06:34
1724,Minute,Parent,46,m,2022-03-26T06:30:15
1725,Build,Voice,23,m,2024-06-27T17:09:26
1726,Travel,Recognize,27,m,2023-03-25T19:56:52
1727,Onto,Education,36,kg,2022-12-08T01:36:07
1728,Six,Indeed,19,litre,2024-05-18T00:11:26
1729,Cold,Religious,27,kg,2024-11-09T21:45:03
1730,Article,Only,45,m,2024-01-30T12:51:19
1731,Any,Environmental,35,m,2022-12-13T02:39:49
1732,Everybody,Sea,23,litre,2022-03-29T21:08:26
1733,Certain,East,9,kg,2025-07-17T04:02:59
1734,About,Thank,4,m,2020-12-19T14:28:01
1735,Suggest,Father,3,pcs,2024-10-28T00:27:05
1736,Participant,College,44,pcs,2025-06-04T20:18:36
1737,May,Field,25,pcs,2022-02-24T12:40:02
1738,Involve,Wear,2,kg,2023-06-16T09:33:24
1739,Support,Throughout,28,m,2023-12-31T23:46:56
1740,Growth,Voice,44,litre,2022-08-24T08:46:28
1741,Provide,Hold,31,litre,2022-09-18T05:35:35
1742,Fight,City,32,litre,2025-01-16T22:09:58
1743,Early,Office,48,pcs,2021-04-11T01:28:06
1744,Difference,Site,38,kg,2024-07-29T19:15:44
1745,Family,Although,4,kg,2024-12-29T20:37:35
1746,Police,Stage,38,litre,2020-11-11T07:55:46
1747,Everybody,Easy,26,kg,2022-02-17T08:21:22
1748,Mention,Join,29,litre,2022-02-21T19:22:22
1749,Production,People,22,m,2024-09-11T17:04:05
1750,Information,Forward,24,litre,2024-10-29T12:27:36
1751,Tree,Effort,40,m,2024-06-06T01:43:24
1752,Medical,Activity,47,kg,2022-08-18T03:20:11
1753,Anyone,Let,7,kg,2024-11-28T04:05:42
1754,Popular,Itself,25,litre,2020-11-03T18:56:49
1755,Professor,Conference,29,pcs,2022-03-04T21:16:09
1756,Success,Election,6,litre,2023-09-11T11:43:09
1757,Business,Foreign,11,m,2022-09-09T13:01:34
1758,No,Time,13,m,2023-09-17T22:49:17
1759,Attack,Phone,12,kg,2023-12-03T21:07:12
1760,Chair,Give,39,kg,2021-11-11T18:55:11
1761,Growth,Population,49,litre,2023-07-06T20:07:07
1762,Information,Here,11,pcs,2024-06-01T22:47:13
1763,Public,Message,35,litre,2024-08-20T17:28:23
1764,Cost,Also,41,kg,2024-01-29T20:42:15
1765,Threat,Education,43,litre,2024-11-06T00:46:53
1766,Member,Turn,22,kg,2025-06-08T08:25:37
1767,Less,Know,41,litre,2025-06-08T12:22:21
1768,Area,Address,41,kg,2025-03-10T12:42:39
1769,Room,Politics,31,m,2025-03-01T14:31:54
1770,Able,Manager,7,kg,2023-09-05T01:58:05
1771,Scientist,Go,5,m,2023-07-30T01:34:48
1772,Cell,Fear,34,litre,2024-05-15T19:56:02
1773,Test,Center,10,pcs,2025-09-15T00:26:27
1774,Help,Raise,31,pcs,2021-09-20T22:11:32
1775,Piece,Send,14,m,2025-04-02T00:28:35
1776,My,Wear,31,litre,2024-03-24T04:26:04
1777,Bed,Detail,43,m,2021-10-02T21:50:05
1778,Local,Up,20,pcs,2023-04-07T21:46:45
1779,Clear,Garden,29,m,2021-11-18T13:56:53
1780,Explain,Field,23,kg,2024-05-18T00:03:03
1781,Authority,Fact,40,kg,2025-10-13T20:12:29
1782,Training,Scientist,18,pcs,2025-01-21T02:32:57
1783,Reveal,Green,7,kg,2024-04-24T17:58:33
1784,Property,Push,14,litre,2022-10-22T15:15:31
1785,Like,Treatment,20,litre,2024-01-23T21:07:24
1786,Cost,Water,45,kg,2023-06-18T22:44:35
1787,Head,Main,42,m,2023-12-19T20:10:30
1788,Safe,His,4,litre,2024-10-29T12:08:07
1789,Notice,Try,37,litre,2023-10-19T13:34:38
1790,Produce,Meeting,30,kg,2021-02-11T16:28:20
1791,Our,Blue,47,pcs,2023-12-29T21:32:13
1792,Contain,By,26,m,2021-03-15T10:47:15
1793,Traditional,Father,30,m,2024-04-03T12:20:36
1794,Hot,Down,1,m,2021-07-20T04:39:00
1795,Cold,Television,24,pcs,2023-09-18T06:47:17
1796,Year,Ago,15,litre,2024-06-29T08:24:46
1797,Language,Animal,21,pcs,2023-12-11T22:58:32
1798,Speech,Available,8,litre,2021-12-16T01:35:10
1799,For,Out,1,m,2025-03-21T11:07:57
1800,Card,Though,24,litre,2022-07-08T18:53:11
1801,Feel,Student,48,pcs,2024-12-14T20:06:25
1802,Performance,Southern,18,litre,2025-10-22T20:07:50
1803,Property,Up,33,litre,2025-09-24T18:40:12
1804,Nice,Card,43,pcs,2021-01-03T14:30:52
1805,Ago,Ever,9,kg,2023-12-21T18:16:42
1806,Term,No,31,kg,2022-11-13T08:10:04
1807,Partner,Conference,36,litre,2021-06-13T10:50:05
1808,Special,Moment,46,kg,2023-09-04T16:47:24
1809,Baby,Chance,24,litre,2025-03-27T01:43:55
1810,Hotel,Enough,26,m,2021-06-14T18:59:54
1811,Oil,Water,28,m,2025-06-02T21:00:22
1812,Treatment,Guy,10,litre,2021-03-15T23:01:18
1813,Leave,Same,23,kg,2022-05-14T22:46:38
1814,Add,Bed,49,pcs,2022-12-21T17:33:52
1815,Listen,Enter,40,m,2025-08-25T22:17:45
1816,Piece,Buy,19,litre,2021-06-18T17:31:37
1817,Provide,Possible,6,litre,2024-03-14T21:08:48
1818,Trial,Cup,45,litre,2025-04-01T13:55:49
1819,Particularly,Fight,17,pcs,2022-07-17T18:18:41
1820,Member,Method,28,litre,2023-11-05T07:29:17
1821,Claim,Dream,32,m,2025-06-07T20:53:52
1822,Specific,Case,45,m,2022-07-10T08:13:50
1823,Individual,Pm,34,litre,2022-06-02T10:51:45
1824,Mouth,Bag,8,m,2024-09-30T13:15:54
1825,Hold,Personal,7,litre,2022-03-25T22:13:21
1826,Energy,Pull,1,pcs,2024-04-30T22:17:57
1827,Admit,Participant,36,pcs,2024-09-21T22:24:37
1828,Surface,Serve,17,m,2022-09-30T19:20:20
1829,Scientist,Threat,14,m,2024-10-24T12:37:09
1830,Up,Either,48,kg,2024-06-01T04:02:21
1831,Material,Building,22,pcs,2021-05-04T16:47:35
1832,Themselves,Toward,1,pcs,2023-09-01T23:37:20
1833,Whom,Safe,27,litre,2024-07-03T23:56:25
1834,Control,Tv,3,litre,2021-08-20T14:44:47
1835,Air,Whether,41,litre,2021-09-10T10:31:22
1836,Billion,Music,2,kg,2024-04-02T22:51:59
1837,Rate,Short,46,m,2023-08-28T00:57:02
1838,Happy,Either,49,m,2024-11-09T03:27:21
1839,Put,Know,15,pcs,2023-05-12T20:21:19
1840,System,Heart,3,litre,2024-04-03T16:39:52
1841,Institution,Necessary,41,kg,2022-06-19T18:47:30
1842,Think,Policy,18,pcs,2021-08-22T21:05:06
1843,Movement,Around,24,kg,2024-06-16T00:17:20
1844,Picture,Still,31,m,2021-01-08T05:18:12
1845,Kitchen,Condition,49,kg,2023-11-30T00:47:59
1846,Government,Reveal,48,pcs,2021-11-30T19:57:52
1847,Himself,Commercial,10,pcs,2022-02-08T20:48:24
1848,Quite,Take,16,kg,2025-09-25T11:17:04
1849,Finish,Speech,4,m,2023-01-22T09:02:57
1850,Value,Charge,16,pcs,2021-07-26T10:52:34
1851,About,Party,8,pcs,2021-08-24T04:46:31
1852,Receive,Second,35,litre,2021-09-21T08:15:55
1853,Protect,About,46,m,2022-10-16T09:17:51
1854,Interest,Major,50,kg,2021-01-30T23:59:37
1855,Fight,Call,30,m,2022-12-15T07:53:04
1856,Create,Bed,7,kg,2023-03-04T12:51:57
1857,Any,Business,47,litre,2025-08-30T17:19:57
1858,Color,Point,2,pcs,2022-11-19T18:08:00
1859,Bad,Foreign,11,litre,2024-08-03T18:08:36
1860,Art,National,41,litre,2021-10-06T17:38:08
1861,Decide,Economy,18,m,2021-02-18T04:11:51
1862,Certain,Support,44,litre,2022-12-03T17:39:27
1863,Role,Attack,5,m,2021-12-20T09:15:51
1864,Kid,Understand,9,pcs,2025-05-31T07:24:23
1865,Newspaper,Conference,25,kg,2023-10-02T17:00:22
1866,Account,Car,19,litre,2025-10-19T00:58:28
1867,Small,Head,33,kg,2025-01-13T00:36:23
1868,Career,Attention,43,pcs,2023-12-14T14:06:03
1869,Teach,I,11,kg,2022-05-08T15:07:41
1870,Newspaper,Town,23,kg,2023-05-05T10:41:22
1871,White,Federal,50,litre,2022-10-31T15:30:12
1872,Spend,Decade,23,m,2024-09-21T03:42:53
1873,Art,Various,10,kg,2025-03-06T07:05:27
1874,Happen,Better,2,m,2025-07-11T16:19:11
1875,Information,Expect,13,m,2021-05-31T03:51:52
1876,Experience,Hair,34,pcs,2025-07-02T14:42:29
1877,Individual,Bank,15,pcs,2023-07-01T13:09:34
1878,Huge,Order,12,m,2023-02-02T07:34:13
1879,Personal,Speak,7,m,2023-06-14T02:29:03
1880,Vote,Finish,30,pcs,2024-06-07T18:06:50
1881,Father,Push,26,pcs,2022-11-02T10:57:01
1882,Training,They,39,m,2022-03-22T19:10:59
1883,Time,Pull,46,m,2024-03-02T15:13:56
1884,Traditional,Whom,27,litre,2024-04-20T01:12:19
1885,Writer,Step,10,kg,2024-02-21T12:09:39
1886,Spring,Establish,39,pcs,2022-04-29T18:17:59
1887,Policy,Southern,49,m,2021-09-18T12:08:12
1888,Perform,Board,20,pcs,2025-08-30T22:55:10
1889,Present,Treat,35,m,2025-04-12T14:36:04
1890,Single,Man,44,pcs,2021-08-25T02:20:22
1891,Wife,Trip,29,pcs,2021-10-12T01:27:42
1892,Also,Agent,49,pcs,2023-07-10T15:52:43
1893,Pass,It,14,kg,2022-04-01T16:59:16
1894,West,Well,42,m,2024-06-14T10:58:41
1895,President,Old,5,m,2025-07-08T23:14:20
1896,Your,Investment,28,kg,2022-09-15T10:10:06
1897,Blood,Form,24,m,2023-11-19T22:41:36
1898,Successful,Measure,30,litre,2024-02-20T04:59:52
1899,Away,Administration,24,m,2025-08-28T07:35:00
1900,Inside,Data,35,m,2024-08-02T01:26:29
1901,At,Full,20,litre,2024-12-02T21:01:47
1902,Fly,Quality,27,kg,2021-09-03T03:43:10
1903,Indicate,Daughter,1,litre,2023-10-15T00:49:33
1904,Modern,Consumer,37,kg,2022-08-11T02:16:46
1905,Modern,Congress,46,m,2023-11-06T23:15:23
1906,With,Likely,50,litre,2025-07-04T03:16:25
1907,Interesting,Here,32,kg,2025-01-10T12:14:36
1908,Write,Discussion,30,pcs,2022-08-18T06:50:36
1909,Paper,Keep,44,kg,2022-03-19T18:37:10
1910,Language,Bar,7,litre,2025-07-03T21:20:00
1911,Mr,Really,26,pcs,2022-05-22T12:16:18
1912,Relate,Difficult,31,m,2022-04-02T17:37:44
1913,Sea,Military,13,kg,2024-02-09T14:12:18
1914,Bed,Research,27,m,2022-06-18T02:32:16
1915,Return,Social,47,pcs,2023-09-20T12:44:34
1916,Listen,Whatever,31,kg,2022-07-25T16:40:44
1917,State,Forward,44,kg,2025-04-28T17:06:10
1918,Public,Themselves,24,m,2024-05-05T14:38:19
1919,Hope,But,8,m,2022-05-26T06:36:47
1920,Boy,Professor,23,m,2023-03-07T12:19:45
1921,Fast,Let,2,pcs,2024-07-14T04:29:26
1922,Happy,Away,35,kg,2021-08-14T18:20:31
1923,Thing,Accept,38,pcs,2020-11-13T22:59:25
1924,Happen,Audience,40,pcs,2021-07-10T05:52:05
1925,Evening,Theory,1,pcs,2021-03-05T02:09:25
1926,Describe,Left,4,kg,2022-12-15T02:48:28
1927,Involve,Rock,25,kg,2024-02-09T03:10:18
1928,Film,Your,38,pcs,2024-01-11T15:24:39
1929,Less,Contain,1,pcs,2020-11-10T15:46:45
1930,Shoulder,Still,39,pcs,2022-05-12T21:12:38
1931,See,Police,29,kg,2024-03-09T19:02:25
1932,Fill,Moment,37,m,2024-08-15T16:55:36
1933,Law,Grow,36,kg,2021-11-07T19:22:54
1934,Current,Commercial,20,pcs,2023-02-09T02:03:37
1935,Various,Mrs,14,pcs,2022-12-09T04:43:53
1936,Hit,Believe,28,pcs,2023-11-01T18:07:24
1937,Chance,Play,29,litre,2021-01-15T11:00:43
1938,Deal,Them,5,litre,2025-05-30T09:26:01
1939,Do,Financial,12,litre,2024-09-04T12:40:54
1940,Color,Local,4,kg,2021-08-06T04:17:30
1941,Clearly,Them,17,m,2023-04-02T16:40:32
1942,Join,Ask,4,m,2023-03-03T09:34:56
1943,President,Thus,35,kg,2023-08-17T03:14:38
1944,Step,Economy,43,pcs,2024-07-30T03:41:03
1945,Rather,Pay,11,m,2024-02-01T01:59:28
1946,Happen,Program,17,litre,2023-09-11T21:45:36
1947,Skill,Plant,43,m,2024-08-28T21:49:31
1948,Significant,Brother,41,kg,2023-10-31T18:47:17
1949,Already,Draw,40,litre,2023-09-30T23:19:50
1950,Piece,Throw,19,kg,2023-07-21T04:39:20
1951,Life,Cup,10,m,2021-06-20T18:44:30
1952,Set,Myself,32,litre,2024-01-12T16:34:34
1953,Build,Clear,38,kg,2023-06-10T06:12:35
1954,Least,Eye,1,m,2020-11-04T07:32:18
1955,Until,Set,42,kg,2025-01-08T17:09:33
1956,True,Tax,7,m,2021-01-26T19:39:13
1957,Space,About,21,kg,2020-11-02T21:35:15
1958,Thousand,Public,33,kg,2020-11-03T12:18:37
1959,About,South,13,kg,2021-01-29T00:12:43
1960,Tell,Few,11,pcs,2025-10-06T10:18:44
1961,Right,Development,14,pcs,2024-12-21T13:51:05
1962,Officer,Assume,5,kg,2022-09-15T21:50:55
1963,From,Guess,36,litre,2024-07-10T15:19:16
1964,Clearly,Different,41,kg,2022-06-18T10:30:02
1965,Bank,Nearly,9,litre,2024-09-06T10:11:05
1966,Common,Have,30,kg,2023-05-26T06:17:11
1967,Above,Board,16,m,2020-11-30T12:02:56
1968,Growth,Find,27,pcs,2024-11-07T00:13:11
1969,Community,Stop,5,m,2024-12-18T23:25:00
1970,Charge,Task,13,litre,2023-11-23T10:17:01
1971,Manager,Never,7,m,2025-08-17T10:18:24
1972,Senior,State,32,m,2022-07-28T15:35:35
1973,Recognize,Even,25,kg,2024-12-17T19:08:04
1974,Every,Born,38,litre,2023-01-13T19:30:21
1975,Require,Oil,36,kg,2023-04-13T22:26:25
1976,Serve,Road,16,m,2022-02-13T15:19:09
1977,Far,Small,22,kg,2023-03-21T01:55:20
1978,Smile,Instead,5,m,2024-03-19T05:00:41
1979,Bag,Truth,19,m,2021-11-23T05:30:01
1980,Many,Ball,46,litre,2024-06-12T00:40:44
1981,Area,Bank,39,pcs,2021-07-15T17:43:11
1982,Something,Inside,20,kg,2024-08-13T07:44:06
1983,After,Case,22,litre,2023-12-08T22:35:24
1984,Close,Surface,13,m,2024-02-20T01:08:35
1985,Let,Evening,32,pcs,2024-09-21T04:09:10
1986,Husband,Would,28,pcs,2020-12-26T19:45:37
1987,Company,Range,7,litre,2023-11-19T22:15:55
1988,Certainly,Do,30,pcs,2021-05-29T12:39:55
1989,North,Blue,4,litre,2021-01-05T06:47:32
1990,Large,Analysis,39,litre,2023-10-08T10:58:11
1991,Relate,Federal,24,m,2022-01-01T14:51:39
1992,Head,Near,3,litre,2024-01-04T21:28:13
1993,Write,Treat,24,pcs,2024-07-29T18:11:14
1994,Recently,Culture,4,kg,2024-07-03T14:20:38
1995,Talk,Whose,13,m,2022-06-20T22:19:25
1996,Price,Huge,26,m,2022-12-24T19:08:05
1997,Travel,Short,50,pcs,2024-03-04T02:43:19
1998,Item,Later,20,pcs,2025-06-04T20:10:00
1999,Across,Standard,31,litre,2021-06-03T09:24:36
2000,Thousand,Yes,8,m,2023-01-02T17:00:53
